Movie,Cast,Release_year
Teri Yaad,"Asha Posley, Nasir Khan, Najma, Kiran, Rani, Ghulam Mohammad, Sardar Mohammad, Ghulam Qadir, Nazar, Jahangir",1947
Shahida,"Shamim, Nasir Khan, Shakir, Hamaliya Wala",1949
Hichkolay,"Najma, Sudhir, Nazar, Ajmal, M. Ismael, Zahoor Shah, Maya Devi, Akhtari, Ashiq Hussain Samrat, Mohni Das, Nafees Begum",1949
Sachai,"Sawarn Lata, Nazir Ahmed Khan, Majeed",1949
2 Kinaray,"Akhtari, Suresh, Kalavati, Zarif",1949
Pheray,"Sawarn Lata, Nazir Ahmed Khan, M. Ismael, Nazar, Zeenat, Maya Devi, Alam Siaposh",1949
Mundri,"Ragni, Ilyas Kashmiri, Noor Mohammad Charlie, Zeenat, Ghulam Mohammad, Saleem Raza, Maya Devi, G.N. Butt, Jameel, Qamar Sarhadi, Cukko, M.J. Rana, Mirza Sultan Baig (Nizam Din)",1949
Jahad,"Yasmin, Zahoor Raja, Nazar, Ajmal, Nayab Sarhadi, Shakir, Ashiq Hussain, Nawazish Ali",1950
Bell,"M. Ismail, Santosh, Sabiha, Shahina, Anu Radha, Shakir, Bilal, M.A. Mirza, Reshma, Nadra, Shaheda, Rani Momtaz, Salma",1950
Ghalt Fehmi,"Asha Poslay, Jahangir Khan, Nazar, Rani Kiran, Sheikh Iqbal, Saleem Raza, Ghulam Qadir, Parveen Begum, Irshad Begum, Zubaida, Mehpara",1950
Hamari Basti,"Murtaza Gilani, Najma, Shah Nawaz",1950
Do Ansoo,"Sabiha Khanum, Santosh Kumar, Shamim, Ajmal, Allauddin",1950
Judai,"Shahina, Sadiq Ali, Nazar",1950
Beqarar,"Ragni, S. Gul, Shammi, Noor Mohammed Charlie, Majeed",1950
Kundan,"Ragni, Shakir, Hamaliawala",1950
Anokhi Dastan,"Nazir, Nazar",1950
Amanat,"Darpan, Nazar",1950
Akaely,"Santosh Kumar, Nazar, Ragni",1951
Buut Tarash,"Manorma, Pran, Arshad",1951
Director,"Zaib, S. Gul, Rakhshi",1951
Eid,"Yasmin, Najmul Hassan, Suresh",1951
Ghairat,"Sabiha Khanum, Masood, Allauddin, Ghulam Mohammed",1951
Humwatan,"Sahira, Farraukh, Ajmal",1951
Pinjra,"Sabiha Khanum, Masood, Azad, Masood",1951
Bheegi Palkain,"Sawarn Lata, Nazir",1952
Dopatta,"Noor Jehan, Ajay Kumar, Sudhir, Yasmin",1952
Harjai,"Najma, Masood, Asif",1952
Khanabadosh,"Manorma, Pran, Ajmal",1952
Naveli,"Gulshan Ara, Rehan",1952
Shola,"Asha Posley, Masood, Arshad",1953
Aaghosh,"Gulshan Ara, M. Ismail, Santosh Kumar, Sabiha Khanum",1953
Awaaz,"Gulshan Ara, Santosh Kumar",1953
Barkha,"Nazar, Asha Posley, Sabiha Khanum",1953
Ghulam,"Sabiha Khanum, Santosh Kumar, Shammi",1953
Gulnar,"Noor Jehan, Santosh Kumar, Bibbo, Zarif, Shahnawaz",1953
Ilzam,"Shammi, Rafiq Anwar, Naeem Hashmi",1953
Mehbooba,"Shammi, Santosh Kumar, Asha Posley",1953
Sailaab,"Sabiha Khanum, Masood, Hamaliawala",1953
Tarrap,"Shammi, Sudhir, Allauddin",1953
Deewar,"Gulshan Ara, Sudhir, Allauddin",1954
Gumnaam,"Sabiha Khanum, Sudhir, Ragni, M. Ismael, Asif Jah, Nasreen, Ghulam Mohammad, Himalya Wala",1954
Mujrim,"Gulshan Ara, Yousuf, Allauddin",1954
Perwaz,"Sabiha Khanum, Yousuf Khan, Asha Posley, Nazar",1954
Raat Ki Baat,"Sabiha Khanum, Santosh Kumar, Allauddin",1954
Ruhi,"Shammi, Santosh Kumar, Hamalia Wala",1954
Sassi,"Shah Nawaz, Nazar, Asha Posley, Sabiha Khanum, Sudhir",1954
Humari Zaban,"Beena, Sheikh Hassan",1955
Ilteja,"Ragni, S. Gul, Salim Raza",1955
Intekhaab,"Jamila Razzaq, Masood",1955
Inteqaam,"Sabiha, Santosh, M. Ismael",1955
Jallan,"Nadra, Inayat Bhatti, Zarif",1955
Jheel Kinaray,"Gulshan Ara, Sudhir, Talish",1955
Khatoon,"Sawarn Lata, Nazir, Naeem Hashmi",1955
Khizaan Ke Baad,"Shammi, Sudhir, Allauddin",1955
Mehfil,"Sabiha, Sudhir, Allauddin",1955
Naukar,"Sawarn Lata, Nazir, Shaad, Ragni, Zeenat, Asha Posley, ChunChun, A. Shah, G.N. Butt and Agha Salim Raza",1955
Nazrana,"Ragni, Santosh, Nazar, Azad",1955
Qatil,"Sabiha, Santosh, Aslam Pervez, Musarrat Nazir, Nayyar Sultana, Akmal",1955
Shararay,"Sabiha, Ragni, S. Gul",1955
Sohni,"Sabiha, Sudhir, Shammi",1955
Toofaan,"Sabiha, Sudhir, Asha, Zarif",1955
Anokhi,"Sheela Ramani, Shaad, Lehri",1956
Baaghi,"Allauddin, Musarrat Nazir, Sultan Rahi, Sudhir, Agha Talish",1956
Chhoti Baigum,"Sabiha Khanum, Sudhir, Naeem Hashmi",1956
Darbar-e-Habib,"Yasmin, Talish, Majeed",1956
Funkar,"Khursheed, Pervez, Jameela",1956
Hameeda,"Sabiha Khanum, Santosh Kumar, Ejaz Durrani",1956
Haqeeqat,"Yasmin, Masood, Zeenat",1956
Hatim,"Sabiha Khanum, Sudhir, Nazar, Ilyas",1956
Intezar,"Noor Jehan, Santosh, Asha Poslay, Ghulam Mohammad",1956
Kanwari Bewah,"Shamim Ara, Ayyaz, Nazar",1956
Karnaama,"Klawati, Luddan, Sawan",1956
Lakht-e-Jigar,"Noor Jehan, Santosh Kumar, Habib",1956
Mandi,"Khursheed, Ayyaz, Nighat",1956
Mirza Saheban,"Musarrat Nazir, Sudhir",1956
Miss 56,"Meena Shorey, Santosh Kumar, Aslam Pervaiz",1956
Mukh-o-Mukhush,"Abdul Jabbar Khan, Ahmed, Purnima Sen, Nazma (Peary), Zaharat Ara, Ali Mansur, Fafiq, Narul Anarn Khan, Saifuddin, Bilkis Bad",1956
Pawwan,"Shammi, Sudhir, Zarif, Nazir",1956
Qismat,"Musarrat Nazir, Santosh Kumar, Yasmin",1956
Sabira,"Sawarn Lata, Nazir, Nazar, Ilyas",1956
Sarfarosh,"Sabiha Khanum, Santosh Kumar, Meena Shorey, Naeem Hashmi, Asif Jah, Ghulam Mohammad",1956
Shalimar,"Rehana, Sudhir, Shola, Nazar",1956
Shikar,"Safia Din, Rushdi, Ayyaz",1956
Soteli Maa,"Swaran Lata, Nazir, Nazar, Masood",1956
Wehshi,"Rehana, Afzal Nazir, Zarif",1956
Aankh ka Nasha,"Sabiha Khanum, Musarrat Nazir, Neelo, Sudhir",1957
Aas Paas,"Sabiha Khanum, Aslam Pervaiz, Yasmeen, Nighat, Allauddin",1957
Anjaam,"Yasmeen, Ilyas, Neelo, Rukshi, Shaikh Iqbal",1957
Baap Ka Gunaah,"Musarrat Nazir, Darpan, Salim Raza, Asif Jah",1957
Bada Admi,"Meena Shorey, Ejaz Durrani, M. Ismail, Allauddin",1957
Bedari,"Ragni, Santosh Kumar, Ratan Kumar, Anoradha",1957
Daata,"Sabiha Khanum, Sudhir, Diljit, G. Mohammad",1957
Ishq-e-Laila,"Sabiha Khanum, Santosh Kumar, Ajmal, Allauddin",1957
Laila Majnu,"Bahar, Aslam Pervaiz, Ilyas, Shola",1957
Masoom,"Yasmeen, Habib, Ratan Kumar, M. Ismail",1957
Maska Polish,"Anuradha, Ayyaz, Azad, Sharara, Agha Jan",1957
Muraad,"Yasmeen, Ilyas Kashmiri, Kamal, Nighat Sultana",1957
Nigar,"Shahina, Ammaan, M. Ismail, Naeem Hashmi",1957
Noor-e-Islam,"Swaran Lata, Darpan, Nazir, Nazar",1957
Pasban,"Sabiha Khanum, Aslam Pervaiz, Asha Posley, Ghulam Mohammed",1957
Pholay Khan,"Sabiha Khanum, Aslam Pervaiz, Diljit, Neelo",1957
Saat Lakh,"Sabiha Khanum, Santosh Kumar, Nayyar Sultana, Talish, Neelo",1957
Sardar,"Sabiha Khanum, Santosh Kumar, Ilyas, Nayyar Sultana, Nazar",1957
Seestan,"Musarrat Nazir, Shaad, Ajmal, Asha Posley, Salim Raza",1957
Shohrat,"Nasreen, Habib, Ilyas, A. Shah",1957
Thandi Sadak,"Musarrat Nazir, Syed Kamal, Zarif, Nadira",1957
Waada,"Sabiha Khanum, Santosh Kumar, Ilyas Kashmiri, Laila, Allauddin",1957
Aadmi,"Nayyar Sultana, Habib, Talish, Yasmeen",1958
Akhari Dao,"Nayyar Sultana, Habib, Nazar, M. Ismail",1958
Akhari Nishan,"Meena Shorey, Sudhir, Neelo, Nazar, Allauddin",1958
Anarkali,"Noor Jehan, Sudhir, Shamim Ara, Ragni, Hamalia Wala",1958
Begunnah,"Nayyar Sultana, Anwar Baig, Butt Kashir",1958
Bharosa,"Yasmeen, Yousuf, Allauddin, Husna, Laila",1958
Changez Khan,"Kamran, Asha, Allauddin, H. Choudhury",1958
Darbar,"Sabiha Khanum, Santosh Kumar, Yasmeen, Allauddin, Neelo",1958
Dil Mein Too,"Sabiha Khanum, Ejaz Durrani, Nayyar Sultana, Nazar, Lehri",1958
Hasrat,"Sabiha Khanum, Santosh Kumar, Allauddin, Yousuf Khan",1958
Jaan-e-Bahar,"Musarrat Nazir, Sudhir, Husna, Neelo, Shahnawaz",1958
Lakhpati,"Nighat, Saqi, Nasreen, Bilal",1958
Mumtaz,"Ragni, Neelo, Ayaz, Mazhar Shah, Charlie",1958
Nai Ladki,"Neelo, Aslam Pervaiz, Shahnawaz, Anjum, Amin Malik",1958
Naya Daur,"Jamila, Aslam Pervaiz, Neelo, Diljit, Yousuf Khan",1958
Naya Zamana,"Musarrat Nazir, Santosh Kumar, Asha, Ghulam Mohammed",1958
Pehla Qadam,"Suzy, Haroon Rashid, Naina, Azad",1958
Rukhsana,"Musarrat Nazir, Darpan, Nayyar Sultana, Neelo",1958
Sitaroon Ki Duniya,"Ejaz Durrani, Sheeda Imam, Meena, Rukhsana, Charlie",1958
Tamanna,"Yasmeen, Ejaz Durrani, Nighat Sultana, Diljit",1958
Tauheed,"Nayyar Sultana, Talish, Laila, Salim Raza",1958
Wah Re Zamanay,"Shamim Ara, Ejaz Durrani, Ratan Kumar, Rukhsana",1958
Zehr-e-Ishq,"Musarrat Nazir, Habib, Yasmeen, Neelo",1958
Aaj Kal,"Sabiha Khanum, Syed Kamal, Bibbo, Rakshi, Abbas Nausha",1959
Akash Aar Mati,"Amin, Prabir Kumar, Sumita Devi",1959
Alam Ara,"Shamim Ara, Ilyas, Akmal, Ghulam Mohammed",1959
Apna Paraya,"Shamim Ara, Syed Kamal, Rukhsana, Yousuf Khan",1959
Faisla,"Shamim Ara, Yousuf Khan, Jamila Razzaq, Lehri",1959
Gulshan,"Meena Shorey, Sudhir, Aslam Pervaiz, Allauddin",1959
Gumrah,"Kafira, Habib, Mahrukh, Ejaz Durrani",1959
Himmat,"Bahar, Aslam Pervaiz, Azad, Nazar, Shahnawaz",1959
Jago Hua Severa,"Tarampati Mitra, Anis, Zoreen, Rakshi",1959
Jhoomar,"Musarrat Nazir, Allauddin, Naeem Hashmi, Sudhir",1959
Khul Ja Sim Sim,"Yasmeen, Darpan, Nazar, Zeenat",1959
Koel,"Noor Jehan, Aslam Pervaiz, Neelo, Allauddin",1959
Lalkaar,"Neelo, Yasmeen, S. Gul, Nayyar Sultana, Ajmal, Shahnawaz, Rekha",1959
Matir Pahar,Sumita Devi,1959
Mazloom,"Nayyar Sultana, Aslam Pervaiz, Akmal, Shamim Ara",1959
Muskurahat,"Sabiha Khanum, Santosh Kumar, Aslam Pervaiz, M. Ismail",1959
Naghma-e-Dil,"Sabiha Khanum, Santosh Kumar, Naeem Hashmi",1959
Nagin,"Neelo, Ratan Kumar, Saqi, Yousuf Khan",1959
Neend,"Noor Jehan, Aslam Pervaiz, Neelo, Diljit",1959
Raaz,"Musarrat Nazir, Ejaz Durrani, Shamim Ara, Allauddin",1959
Saathi,"Neelo, Darpan, Talish, Husna, Nazar",1959
Sahara,"Musarrat Nazir, Darpan, Diljit, Zeenat",1959
Savera,"Shamim Ara, Syed Kamal, Rukhsana, Sikander",1959
Shama,"Swaran Lata, Nazir Ahmed Khan, Neelo, Darpan",1959
Society,"Musarrat Nazir, Sudhir, Zeenat, Husna",1959
Sola Aaney,"Neelo, Musarrat Nazir, Ejaz Durrani, Zahur Shah",1959
Tere Baghair,"Sabiha Khanum, Santosh Kumar, Allauddin, Lehri",1959
Aik Thi Maa,"Nayyar Sultana, Bahar, Sudhir, Nazar",1960
Aladdin Ka Beta,"Neelo, Ratan Kumar, Saqi, Nasira, Lehri",1960
Asiya,"Sumita Devi, Kazi Khaliq, Ranen Kushad, Shahid",1960
Aur Bhi Gham Hain,"Jamila, Jaffrey, Neelma, Talish, Agha Jan",1960
Ayaz,"Nayyar Sultana, Neelo, Sabiha Khanum, Syed Kamal, Habib, Shahnawaz",1960
Bhabhi,"Shamim Ara, Aslam Pervaiz, Yasmeen, Zarif",1960
Clerk,"Khalil Qaisar, Musarrat Nazir, Ratan Kumar, Saqi",1960
Daku Ki Ladki,"Musarrat Nazir, Ejaz Durrani, Nayyar, Allauddin",1960
Dil-e-Nadan,"Musarrat Nazir, Syed Kamal, Shahnawaz, S. Gul, Laila",1960
Do Ustad,"Shamim Ara, Ilyas, Ratan Kumar, Amy Minwala",1960
Ghareeb,"Rukhsana, Salim Nigar, Emmy, Shahina",1960
Gulbadan,"Musarrat Nazir, Ejaz Durrani, Nasira, Sheikh Iqbal",1960
Hamsafar,"Yasmeen, Aslam Pervaiz, Jaffrey, Nazar, Nighat",1960
Insaaf,"Neelo, Syed Kamal, Lehri, M. Ismail",1960
Izzat,"Shamim Ara, Ejaz Durrani, Saqi, Laila, Habib",1960
Khyber Mail,"Neelo, Aslam Pervaiz, Nayyar Sultana, Nasira, Talish",1960
Khan Bhahadur,"Musarrat Nazir, Laila, Kamal, Ajmal",1960
Laggan,"Husna, Aslam Pervaiz, Bahar, Yusuf",1960
Manzil,"Neelo, Ejaz Durrani, Laila, Aslam Pervaiz, Nazar",1960
Neelofar,"Neelo, Ratan Kumar, Nasira, Jaffri",1960
Naukri,"Musarrat Nazir, Darpan, Lehri, Asha Posley",1960
Rahguzar,"Sabiha Khanum, Aslam Pervaiz, Talish, Nayyar Sultana",1960
Raat Ke Rahi,"Rehana, Darpan, Shamim Ara, Talish",1960
Roopmati Baazbahadur,"Shamim Ara, Aslam Pervaiz, Salim Raza, Talish",1960
Saheli,"Shamim Ara, Darpan, Aslam Pervaiz, Nayyar Sultana",1960
Sahil,"Shimmi, Sudhir, Talish, Nazar, Allauddin",1960
Salma,"Bahar, Ejaz Durrani, Allauddin, Yasmeen",1960
Shaam Dhaley,"Sabiha Khanum, Santosh Kumar, Nazar, Ruskhsana",1960
Shahbaz,"Yasmeen, Aslam Pervaiz, Amy Minwala, Diljeet, Nighat",1960
Shehzadi,"Neelo, Aslam Pervaiz, Emmy, Rakhshi, Sharara",1960
Street No. 77,"Musarrat Nazir, Habib, Neelo, S. Gul, Sharara",1960
Sultanat,"Sabiha Khanum, Santosh Kumar, Husna, Nazar, Ilyas",1960
Watan,"Musarrat Nazir, Syed Kamal, Ejaz Durrani, Bahar",1960
Yeh Duniya,"Jamila, Talish, Lehri, Rukhsana, Aqil",1960
Zanjeer,"Ragni, Masud, Azad, Fauzia, Nazar",1960
Ajab Khan,"Husna, Sudhir, Talish, Nasira",1961
Bara Bajje,"Neelo, Allauddin, Talish, Saqi",1961
Bekhabar,"Nasrin, Sultan, Ajmal, Zarif",1961
Bombay Walla,"Nighat, Nayyar, Saqi, Jamal",1961
Chotay Sarkar,"Musarrat Nazir, Aslam Pervaiz, Nasrin, Talish",1961
Do Raste,"Yousuf Khan, Bahar, Ejaz Durrani, Neelo, Talish",1961
Farishta,"Yasmeen, Ejaz Durrani, Husna, Talish",1961
Ghalib,"Noor Jehan, Sudhir, S. Raza, Saqi",1961
Ghazi Bin Abbas,"Husna, Ratan Kumar, Ammi, Saqi",1961
Gul Bakaoli,"Jamila Razzaq, Sudhir, Ilyas",1961
Gulfaam,"Musarrat Nazir, Darpan, Nazar, Talish",1961
Gulfarosh,"Nayyar Sultana, Kamal, Meena Shorey, Z. Raja, Naeem Hashmi",1961
Habu,"Husna, Habib, Talish, Nazar, Ami Minwala",1961
Hum Eik Hain,"Aslam Pervaiz, Jamila Razzaq, Asha Posley, Azad",1961
Insan Badalta Hai,"Shamim Ara, Darpan, Lehri, Panna",1961
Jaan Nisar,"Nazo, Rashdi, Nina, Qazi Wajid",1961
Jaduger,"Bahar, Sultan, Kamal, Husna, A. Shah",1961
Lakhon Fasane,"Suzy, Darpan, Bimla Kumari, Sikander",1961
Mangol,"Musarrat Nazir, Aslam Pervaiz, Allauddin",1961
Saperan,"Laila, Habib, Nirala, Nasira, Asad",1961
Sher-e-Islam,"Ratan Kumar, Laila, Rukhsana",1961
Son of Ali Baba,"Nayyar Sultana, Aslam Pervaiz, Husna, Asha",1961
Subhah Kahin Sham Kahin,"Neelo, Kamaal, Laila, Aslam Pervaiz, M. Ismail",1961
Sunheray Sapne,"Musarrat Nazir, Aslam Pervaiz, Talish, Rukhsana",1961
Surraiya,"Nayyar Sultana, Habib, Asad, Bokhari, Rukhsana",1961
Taj Aur Talwar,"Ratan Kumar, Laila, Saqi, Kafira",1961
Teen Phool,"Nayyar Sultana, Allauddin, Aslam Pervaiz, Husna",1961
Tum Na Mano,"Habib, Sabira Sultana, Bahar, Naina",1961
Zamana Kya Kahega,"Kamal, Shamim Ara, Rukhsana, Lehri",1961
Zamin Ka Chand,"Shamim Ara, Aslam Pervaiz, Mazhar Shah, Kafira",1961
Aanchal,"Shamim Ara, Darpan, Talish, Saba",1962
Ajnabi,"Bahar, Ejaz Durrani, Diljit, Asad Bokhari",1962
Aulad,"Habib, Nayyar Sultana, Rehana, Waheed Murad",1962
Awaz De Kahan Hai,"Yasmeen, Akmal, Talish, Ghulam Mohammed",1962
Azra,"Neelo, Ejaz Durrani, Nazar, Allauddin",1962
Banjaran,"Neelo, Kamal, Allauddin, Azad, Ibrahim Nafees",1962
Barsat Main,"Neelo, Ejaz Durrani, Nayyar Sultana, Aslam Pervaiz, Allauddin",1962
Beta,"Husna, Aslam Pervaiz, Liala, Rajni",1962
Bulbul-e-Baghdad,"Laila, Kamal, Nazar, Nasira, Panna",1962
Chanda,"Sultana Zaman, Shabnam, Rahman, Subhash Dutta",1962
Chiragh Jalta Raha,"Zeba, Arif, Deeba, Mohammad Ali, K. Irani, Shakir",1962
Dal Me Kala,"Bahar, Kamal, Mohammad Ali, Faizi, Adeeb, Nirala",1962
Darwaza,"Neelo, Yousuf Khan, Laila, Nazar, Talish",1962
Dosheeza,"Neelo, Ejaz Durrani, Deeba, Lehri, Aslam Pervaiz",1962
Eik Manzil Do Rahain,"Musarrat Nazir, Husna, Aslam Pervaiz, Saqi, Panna",1962
Ghunghat,"Nayyar Sultana, Santosh Kumar, Talish, Laila, Neelo",1962
Husn-o-Ishq,"Neelo, Ratan Kumar, Ragni, Himaliyawalla",1962
Inqilaab,"Jamila, Habib, Shamim Ara, Rashdi",1962
Mehboob,"Shamim Ara, Yousuf Khan, Habib, Rani",1962
Mehtaab,"Nayyar Sultana, Habib, Zeenat, Asad, Allauddin",1962
Mera Kya Qusoor,"Shamim Ara, Asad Bokhari, Master Mushtaq, Zeenat",1962
Mauseeqar,"Sabiha Khanum, Santosh Kumar, Meena Shorey",1962
Qaidi,"Shamim Ara, Darpan, Talish, Nazar",1962
Shaheed,"Musarrat Nazir, Ejaz Durrani, Allauddin, Talish",1962
Shake Hand,"Nayyar Sultana, Allauddin, Talish",1962
Sukh Ka Sapna,"Laila, Yusuf, Yasmeen, Talish",1962
Suraj Mukhi,"Bahar, Aslam Pervaiz, Rukhsana, Asif Jah",1962
Susraal,"Laila, Rukhsana, Yousuf Khan, Allauddin",1962
Unchay Mehal,"Neelo, Husna, Aslam Pervaiz, Emmy, Diljit",1962
Zarina,"Husna, Yousuf Khan, Habib, Nazar",1962
Aurat Eik Kahani,"Nayyar Sultana, Ejaz Durrani, Husna, Saqi, Rajni",1963
Baarat,"Neelo, Ratan Kumar, Naghma, Nazar, Zeenat",1963
Baghawat,"Shimmi, Sudhir, Nayyar Sultana, Akmal, Talish",1963
Baji,"Nayyar Sultana, Darpan, Zeba, Talish, Amy Minwala",1963
Damaad,"Laila, Asad, Zeenat, Naghma",1963
Daaman,"Sabiha Khanum, Santosh, Waheed Murad, Neelo, Talish",1963
Dhoop Chaon,"Bahar, Ejaz Durrani, Sumita, Nasira",1963
Dilne Tujhe Maan Liya,"Zeba, Kemal, Nirala, Mohammad Ali",1963
Dulhan,"Nayyar Sultana, Darpan, Shamim Ara, Nabila, Habib",1963
Ek Tera Sahara,"Shamim Ara, Darpan, Rani, Jafferey",1963
Fanoos,"Komea, Salman, Ilyas, Azad, Bibbo",1963
Ghazala,"Shamim Ara, Habib, Nasira, Nazar",1963
Hamen Bhi Jeene Do,"Hanif, Nazi, Kamal Irani, Qamar",1963
Ishq Per Zor Nahin,"Jamila, Aslam Pervaiz, Ilyas, Talish",1963
Kala Aadmi,"Habib, Neelo, Rukhsana, Rajni",1963
Kala Pani,"Shamim Ara, Yasmeen, Sudhir, Habib",1963
Kancher Deyal,"Khan Ata, Anwar Hossain, Sumita Devi",1963
Khoon Ki Piyas,"Laila, Yusuf, Rukhsana, Diljit",1963
Maa Beti,"Zeba, Darpan, Lehri, Agha Jan, Sethi",1963
Maa Beti,"Yasmeen, Yusuf, Rukhsana, Meena Shorey, Allauddin",1963
Maa Ke Ansoo,"Nayyar Sultana, Habib, Zeenat, Naghma",1963
Main Ne Kya Jurm Kiya,"Laila, Habib, Ajmal, Saqi, Aslam Pervaiz",1963
Marvi,"Nighat, Fazlani, Bibbo, Charlie",1963
Mr. X,"Mohammad Ali, Nirala, Nasira, Adeeb",1963
Nach Ghar,"Shabnam, Golam Mustafa, Nasima Khan",1963
Nateeja,"Shamim Ara, Yusuf, Saba, Naeem Hashmi",1963
Neelam,"Rukhsana, Sudhir, Asad Bokhari, Naghma, Zeenat",1963
Preet Na Jane Reet,"Shabnam, Khalil, Golam Mustafa, Surraiya",1963
Qanoon,"Shamim Ara, Allauddin, Aslam Pervaiz, Nazar",1963
Qatal Ke Baad,"Neelo, Kamal, Lehri, Aslam Pervaiz, Mohammad Ali",1963
Sazish,"Shamim Ara, Habib, Makrukh, Naghma",1963
Seema,"Shamim Ara, Santosh, Panna, Sultan",1963
Shararat,"Bahar, Mohammad Ali, Laila, Asad Jafferey",1963
Shikwah,"Sabiha Khanum, Darpan, Neelo, Aslam Pervaiz",1963
Suhaag,"Bahar, Habib, Nighat, Majid, Surraiya Bano",1963
Sumera,"Zeba, Ratan Kumar, Naghma, Allauddin",1963
Talash,"Shabnam, Rahman, Shawkat Akbar, Rani Sarkar, Subhash Dutta",1963
Tangay Wala,"Shamim Ara, Darpan, Lehri, Talish",1963
Teen Aur Teen,"Meena Shorey, Habib, Lehri, Asad Jaffery",1963
Teer Andaz,"Rukhsana, Sultan, Saba, Sahira",1963
Yahudi Ki Ladki,"Nayyar Sultana, Darpan, Talish, Meena Shorey",1963
Aashiana,"Zeba, Syed Kamal, Asha, Habib, Rukhsana",1964
Andhi Muhabbat,"Laila, Akmal Khan, Mina, Talish",1964
Aurat Ka Pyar,"Rani, Allauddin, Mohammad Ali, Nasira",1964
Azad,"Bahar, Santosh, Asad, Ajmal",1964
Baap Ka Baap,"Shamim Ara, Darpan, Nazar, Ilyas",1964
Baghi Sipahi,"Zeba, Sudhir, Naghma, Asad Bokhari",1964
Bandhan,"Chitra, Mustafa, Rosy, Anwar Hussain",1964
Bees Din,"Rani, Mohammad Ali, Kamal Irani, Adeeb",1964
Beti,"Neelo, Ejaz Durrani, Bibi Guddo, Nasira",1964
Chingari,"Shamim Ara, Santosh, Deeba, Ejaz Durrani",1964
Choti Ammi,"Rani, Ratan Kumar, Kumar, Lehri",1964
Choti Behan,"Rani, Syed Kamal, Mohammad Ali, Nirala",1964
Deewana,"Sabiha Khanum, Ejaz Durrani, Deeba, Habib",1964
Eik Dil Do Dewaane,"Rani, Syed Kamal, Zeenat, Saqi",1964
Farangi,"Shamim Ara, Sudhir, Talish, Allauddin",1964
Gehra Daagh,"Neelo, Ejaz Durrani, Talish, Ragni, Saqi, Allauddin",1964
Ghadaar,"Saloni, Sudhir, Firdaus, Mohammad Ali",1964
Haveli,"Shamim Ara, Talish, Santosh",1964
Head Constable,"Zeba, Mohammad Ali, Habib, Yasmeen, Kumar",1964
Heera Aur Pathar,"Zeba, Waheed Murad, Kamal Irani, Nirala, Ibrahim Nafees",1964
Inspector,"Naghma, Nazar, Panna, Farida, Azad",1964
Ishrat,"Sabiha Khanum, Santosh, Allauddin, Ilyas",1964
Jamila,"Sabira, Habib, Zeenat, M. Ismael",1964
Jhalak,"Laila, Syed Kamal, Panna, Allauddin, Amy",1964
Karwan,"Shabnam, Haroon, Tarana, Badarudin",1964
Khamosh Raho,"Deeba, Mohammad Ali, Yusuf, Meena Shorey",1964
Khandan,"Bahar, Mohammad Ali, Firdaus, Akmal Khan",1964
Khyber Pass,"Neelo, Sudhir, Rukhsana, Nazar",1964
Lunda Bazar,"Bahar, Asad, Asif Jah, Talish",1964
Lutera,"Bahar, Aslam Pervaiz, Talish, Azad",1964
Maa Ka Pyaar,"Sabira, Habib, Rukhsana, Adeeb",1964
Maalan,"Nasima Khan, Deep, Dear Asghar, Jalil Afghani",1964
Maihkhana,"Hanif, Shamim Ara, Habib, Rukhsana",1964
Mamta,"Bahar, Habib, Yasmeen, Waheed Murad",1964
Milan,"Deeba, Rehman, Akbar, Subhash Dutta",1964
Nehle Pe Dehla,"Neelo, Syed Kamal, Nasira, Sawan, Saqi",1964
Paigham,"Shamim Ara, Sultan, Rukhsana, Zeenat",1964
Paisay,"Shabnam, Azim, Subhash Dutta, Shaukat Akbar",1964
Phool Aur Kante,"Saba, Habib, Tarana, Meena, Saqi",1964
Pyaar Ki Saza,"Shamim Ara, Syed Kamal, Rukhsana, Nasira",1964
Pyaar Na Karna Nadan,"Nighat, Rukshana, Talish, Saqi, Baqar Rizvi",1964
Safaid Khoon,"Rani, Santosh, Mohammad Ali, Asif Jah",1964
Sangam,"Rosy, Haroon, Sumita, Khalil",1964
Shaadi,"Chitra, Deep, Nasima Khan, Jalil Afghani",1964
Shabab,"Shamim Ara, Darpan, Deeba, Talish, Nazar",1964
Shatranj,"Rani, Habib, Saqi, Sikander",1964
Shikari,"Shamim Ara, Darpan, Rukhsana, Asif Jah",1964
Shukriya,"Rukhsana, Habib, Sabira, Allauddin",1964
Tanha,"Shamim Ara, Haroon, Sh. Hasan, Naina",1964
Tauba,"Zeba, Kamal Irani, Lehri, Kumar, Talish",1964
Wah Bhai Wah,"Laila, Akmal Khan, Yusuf, Ajmal",1964
Yeh Bhi Ek Kahani,"Chitra, Haroon, Hina, Badarudin, Misbahudin",1964
Aakhri Station,"Rani, Haroon, Shabnam, Subhash Dutta, Akbar",1965
Aisa Bhi Hota He,"Zeba, Syed Kamal, Nirala, Saloni",1965
Arzoo,"Hanif, Tarranum, Talat Siddiqui, Ibrahim Nafees",1965
Aurat,"Rani, Habib, Firdous, Talish",1965
Azmat-e-Islam,"Sawarn Lata, Habib, Shamim, Chand",1965
Bahana,"Kabori, Rahman, Garaj Babu",1965
Bahu Begum,"Sabira, Habib, Waheed Murad, Deeba",1965
Chhoti Si Duniya,"Laila, Habib, Zeenat, Allauddin",1965
Chori Chhuppe,"Rozina, Sethi, Mahmood Ali, Sharafat",1965
Devdas,"Shamim Ara, Habib, Nayyar Sultana, Talish",1965
Dil Ke Tukre,"Shamim Ara, Deeba, Mohammad Ali, Habib",1965
Doctor,"Bahar, Waheed Murad, Yasmeen, Jaffery",1965
Eid Mubarak,"Zeba, Waheed Murad, Habib, Rukhsana",1965
Faraib,"Neelo, Habib, Deeba, Rangeela",1965
Fashion,"Shamim Ara, Santosh Kumar, Habib",1965
Hazar Dastaan,"Rani, Mohammad Ali, Nazar, Adeeb",1965
Hum Matwaley Naujawan,"Deeba, Sultan, Naghma, Asad, Zeenat",1965
Ishq-e-Habib,"Talat Siddiqi, Ibrahim Nafees, Tarranum",1965
Kaise Kahun,"Shabnam, Khalil, Subhash Dutta, Mustafa",1965
Kajal,"Shabnam, Khalil, Subhash Dutta, Anwera",1965
Kalay Log,"Bahar, Habib, Amy, Kafira, Anwer Majeed",1965
Kaneez,"Sabiha Khanum, Waheed Murad, Mohammad Ali, Santosh Kumar, Zeba",1965
Khota Paisa,"Saloni, Mohammad Ali, Aaliya, Aslam Pervaiz",1965
Koh Qaf,"Laila, Darpan, Diljeet, Azad",1965
Mala,"Sultana Zaman, Azim, Irfan, Akbar",1965
Mujahid,"Mohammad Ali, Sabira, Sultana, Aslam Pervaiz, Deeba, Adeeb",1965
Naache Nagan Baje Been,"Rani, Mohammad Ali, Firdaus, Rangeela",1965
Naila,"Shamim Ara, Santosh Kumar, Darpan, Ragni",1965
Raqasa,"Neelo, Rukhsana, Talish, Yousuf",1965
Riwaaj,"Zeba, Mohammad Ali, Yasmeen, Farida",1965
Saagar,"Shabnam, Azim, Tarana, Subhash Dutta, Inam",1965
Saaz-o-Awaz,"Rani, Waheed Murad, Ragni, Rangeela",1965
Sanam,"Bahar, Mohammad Ali, Rani, Kamal, Kumar",1965
Sartaj,"Deeba, Kamaal, Aslam Pervaiz, Komal, Faizi",1965
Sat Rang,"Sultana Zaman, Haroon, Qazi Khaliq",1965
Shabnum,"Rani, Kamal, Mohammad Ali, Zeba, Lehri",1965
Tamasha,"Husna, Sultan, Panna, Nazar, Saqi",1965
Tere Shehar Mein,"Zeba, Allauddin, Ajmal, Farida",1965
Yeh Jehan Wale,"Deeba, Habib, Rani, Asad",1965
Zameen,"Deeba, Allauddin, Asad, Zeenat",1965
Aag Ka Darya,"Shamim Ara, Mohammed Ali, Lehri, Jaffrey, Saqi",1966
Adil,"Saloni, Mohammed Ali, Sabira Sultana, Razia, Adeeb",1966
Aina,"Deeba, Mohammed Ali, Kamal Irani, Zeenat",1966
Akele Na Jana,"Sofia, Hanif, Mohammed Ali, Rozina",1966
Al-Hilal,"Husna, Darpan, Yusuf, Zamarrud",1966
Armaan,"Zeba, Waheed Murad, Nirala, Rozina, Tarannum",1966
Azaadi Ya Mout,"Hanif, Sofia Bano, Rozina",1966
Badnaam,"Neelo, Ejaz Durrani, Allauddin, Nabila, Jaffrey",1966
Baghi Sardar,"Saloni, Mohammed Ali, Adeeb, Zahur Raja",1966
Begana,"Shabnam, Khalil, Nasima Khan, Mustafa",1966
Bhai Jaan,"Mohammed Ali, Rani, Asad, Zeenat",1966
Bhayia,"Chitra, Waheed Murad, Akbar, Anwer Hussain",1966
Dard-e-Dil,"Zeba, Kamal, Talat Siddiqui, Azad",1966
Ghar Ka Ujala,"Rani, Habib, Mohammed Ali, Firdaus, Saqi",1966
Ghar Ki Laaj,"Attiya, Naushad, Waris, Afshan",1966
Hamrahi,"Khalid, Hyder, Hina, M. Zareff, Santosh",1966
Honhaar,"Rukhsana, Waheed Murad, Shakil, Seema",1966
Hum Dono,"Deeba, Kamal, Nirala, Kumar, K. Irani",1966
Husn Ka Chor,"Deeba, Habib, Adeeb, Saqi",1966
Indhan,"Rahman, Reshma, Mustafa",1966
Inssan,"Rani, Sabira Sultana, Santosh, Allauddin",1966
Jaag Utha Insan,"Zeba, Mohammed Ali, Waheed Murad, K. Irani, Firdaus, Ibrahim Nafees",1966
Jalwah,"Shamim Ara, Rukhsana, Ejaz Durrani, Darpan",1966
Jan Baaz,"Shirin, Mohammed Ali, Saloni, Talish",1966
Joker,"Rani, Kamal, Zeba, Lehri, Talish",1966
Josh,"Zeba, Sudhir, Waheed Murad, Hanif, Rukhsana, Jaffery",1966
Koan Kissi Ka,"Kamal, Talat Siddiqi, Husna, Azad, Lehri",1966
Kohinoor,"Sudhir, Zeba, Allauddin, Saloni",1966
Lori,"Mohammed Ali, Zeba, Santosh, Saloni, Talat Siddiqui",1966
"Maa, Bahu Beta","Yasmeen, Husna, Santosh, Zamarrud",1966
Madare Watan,"Deeba, Mohammad Ali, Zeenat Begum, Naeem Hashmi",1966
Main Chup Rahongi,"Naghma, Habib, Asad, Seema",1966
Majboor,"Shamim Ara, Santosh, Husna, Jugno, Rehka",1966
Maujiza,"Deeba, Habib, Darpan, Talat Siddiqui",1966
Mera Salam,"Santosh, Sabira Sultana, Azad, baby Najma",1966
Mere Mehboob,"Shamim Ara, Darpan, Azad, Nazar, Rajni",1966
Misaal,"Yusuf, Hina, Hanif, Nabila",1966
Naghma-e-Sehra,"Neelo, Mohammed Ali, Sudhir, Allauddin, Saqi",1966
Parda,"Shamim Ara, Habib, Saqi, Gulrukh",1966
Parwana,"Nasima Khan, Hassan Imam, Sujata",1966
Payal Ki Jhankar,"Neelo, Darpan, Deeba, Nazar, Aslam Pervaiz",1966
Phir Milinge Hum Dono,"Nazneen, Mustafa, Subhash Dutta, Anwera",1966
Poonam Ki Raat,"Rosy, Akbar, Mehfouz, Sadhana",1966
Qabila,"Shamim Ara, Sudhir, Saloni, Tarana",1966
Ruswai,"Deeba, Habib, Talish, Lehri",1966
Sarhad,"Husna, Ejaz Durrani, Allauddin, Saloni",1966
Sawaal,"Sabiha, Santosh, Saloni, Ejaz Durrani",1966
Taqdeer,"Husna, Santosh, Lehri, Ragni",1966
Tasvir,"Sabiha, Santosh, Aslam Pervaiz, Talish",1966
Ujala,"Sultana Zaman, Hasan Imam, Nasima Khan",1966
Watan Ka Sipahi,"Mohammed Ali, Firdaus, Nanha, Sikander",1966
Woh Kon Thi,"Rani, Habib, Zeenat, Saqi, Nabila",1966
Aag,"Zeba, Mohammad Ali, Lehri, Tarranum, Talish",1967
Aaliya,"Shamim Ara, Kamal, M. Ismail, Rangeela",1967
Albela,"Kamal, Ghazala, Zeenat, Asliya",1967
Bahadur,"Musarrat Nazir, Darpan, Mohammad Ali, Lehri",1967
Bereham,"Rani, Santosh, Seema, Talish, Zulfi",1967
Burma Road,"Sabira Sultana, Habib, Sawan, Nazar, Shelley",1967
Chakori,"Nadeem, Shabana, Dear Asghar, Mirza Shahi",1967
Chattan,"Neelo, Sudhir, Aslam Pervaiz, Rangeela",1967
Chote Saheb,"Nadeem, Shabana, Dear Asghar, Sujata",1967
Darshan,"Shabnam, Rahman, Garaj Babu, Reshma",1967
Devar Bhabi,"Santosh Kumar, Rani, Waheed Murad, Sabiha, Lehri",1967
Dil Deewana,"Kamal, Deeba, Zeenat, Mehtab",1967
Doraha,"Deeba, Waheed Murad, Shamim Ara, Nirala",1967
Dost Dushman,"Deeba, Ejaz, Talish, Saqi",1967
Ehsaan,"Waheed Murad, Zeba, Nirala, Rozina",1967
Eilaan,"Saloni, Allaudin, Sabira Sultana, Adeeb",1967
Fantoosh,"Rozina, Nihal, Maqsood, Rashid",1967
Gunah Gaar,"Husna, Ejaz Durrani, Saloni, Allauddin",1967
Hamdam,"Rehana Siddiqui, Khalil, Akbar, Rukhsana",1967
Hatim Tai,"Saloni, Mohammad Ali, Rukhsana, Yousuf",1967
Hokomat,"Rani, Sudhir, Ilyas Kashmiri, Talat Siddiqui",1967
Insaniyat,"Zeba, Waheed Murad, Tariq Aziz, Firdaus",1967
Iss Dharti Per,"Rosy, Haroon, Farida, Mirza, Khalil",1967
Jan Pehchan,"Shahpara, Mohammed Ali, Tarana, Shakir",1967
Kafir,"Rani, Sudhir, Talish, Aslam Pervaiz",1967
Lahu Pukare Ga,"Firdaus, Santosh, Aslam Pervaiz, K. Irani, Talish",1967
Lakhon Mein Aik,"Shamim Ara, Ejaz Durrani, Saqi, Mustafa Qureshi, Talish",1967
Maa Baap,"Zeba, Waheed Murad, Talat Siddiqui, Allaudin",1967
Main Bhi Insan Hon,"Attiya, Sujata, Mehmood, Shams Irani",1967
Main Woh Nahin,"Rukhsana, Kamal, Lehri, Diljit",1967
Mere Bache Meri Ankhen,"Deeba, Syed Kamal, Talat Siddiqi, Rashid",1967
Nadira,"Rani, Habib, Ejaz, Adeeb",1967
Phir Subah Ho Gi,"Deeba, Waheed Murad, Talat Siddiqi, Deeba, I. Yusuf",1967
Poonam ki Raat,"Rosy, Akbar, Khalil, Sadhana",1967
Rishta Hai Pyar Ka,"Zeba, Waheed Murad, Farida, Kamal Irani",1967
Sajda,"Deeba, Mohammed Ali, Zeenat, Saqi, Kumar",1967
Shab-ba-Khair,"Kamal, Rani, Komal, Ejaz, Adeeb",1967
Sham Sawera,"Neelo, Darpan, Sabira Sultana, Talish",1967
Shola Aur Shabnam,"Rukhsana, Sudhir, Darpan, Shamim Ara, Rukhsana",1967
Sitangar,"Sabiha, Darpan, Rani, Rukhsana, Yusuf",1967
Suhagan,"Zeba, Syed Kamal, Iqbal Yusuf, Aslam Pervaiz",1967
Ulfat,"Deeba, Habib, Saqi, Akhtar Abbas",1967
Uljhan,"Rosy, Khalil, Nasima Khan, Hasan Imam",1967
Ustadon ke Ustad,"Rozina, Fazlani, Samira, Nirala",1967
Waqt ki Pukar,"Zeba, Tahir, Kamal Irani, Ada",1967
Yatim,"Rani, Ejaz, Allaudin",1967
Zinda Laash,"Deeba, Nasreen, Habib, Rehan, Talish",1967
Adalat,"Zeba, Hyder, Rani, Rukhsana, Aslam Pervaiz",1968
Alif Laila,"Ghazala, Syed Kamal, Rozina, Aslam Pervaiz, Zeenat",1968
Ashiq,"Deeba, Kamal, Aaliya, Talish",1968
Aurat Aur Zamana,"Husna, Kamal, Talish, Shahnawaz",1968
Awaara,"Syed Kamal, Naghma, Nabila, Salma Mumtaz",1968
Baalam,"Zeba, Darpan, Aslam Pervaiz, Nazar",1968
Behan Bhai,"Nadeem, Deeba, Husna, Aslam Pervaiz, Ejaz, Kamal",1968
Beti Beta,"Firdaus, Ejaz, Rozina, Talish",1968
Chand Aur Chandni,"Shabana, Nadeem, Reshma, Dear Ashgar",1968
Chauda Saal,"Yusuf, Nabila, Sabira Sultana, Asif Jah",1968
Cheen Le Azadi,"Rani, Sudhir, Saloni, Adeeb",1968
Commander,"Sabiha, Santosh, Rani, Saiqa",1968
Dara,"Rani, Nasrullah Butt, Adeeb, Aaliya",1968
Dhoop Aur Saey,"Attiya Ashraf, Ali Ejaz, Qavi, Munnawer Taufiq",1968
Dil Diya Dard Liya,"Zeba, Mohammed Ali, Ghazala, M. Akhtar",1968
Dil Mera Dharkan Teri,"Shamim Ara, Rani, Waheed Murad, Lehri",1968
Do Bhai,"Saloni, Ejaz, Habib, Adeeb",1968
Doosri Maa,"Shamim Ara, Syed Kamal, Lehri, Rozina",1968
Doosri Shadi,"Saloni, Ejaz, Deeba, Nazar",1968
Eik Hi Rasta,"Rani, Sudhir, Talish, Salma Mumtaz",1968
Eik Musafir Eik Haseena,"Nayyar, Darpan, Lehri, Kamal, Saboohi",1968
Ghar Pyara Ghar,"Reshma, Kamal, Najma, Allaudin",1968
Gori,"Nasima Khan, Rahman, Akbar, Khalil",1968
Harfun Maula,"Sudhir, Firdaus, Yusuf Khan, Allaudin",1968
Ismet,"Ejaz, Husna, Zeba, Aslam Pervaiz, Ragni",1968
Jaan-e-Azro,"Shamim Ara, Waheed Murad, Aslam Pervaiz, Salma Mumtaz",1968
Jahan Baje Shehnai,"Suchanda, Rahman, Anwar, Arshad Imam",1968
Jahan Tum Wahan Hum,"Shabnam, Waheed Murad, Nirala, Badar Munir",1968
Janglee Phool,"Sultana Zaman, Khalil, Akbar, Suchanda",1968
Josh-e-Intiqam,"Deeba, Shakeel, Zamarrud, Nanna, Adeeb",1968
Jugnoo,"Sharmili Ahmed, Akbar, Dear Asghar, Jalil Afghani",1968
Karishma,"Neelo, Mohammed Ali, Nabila, Aslam Pervaiz",1968
Katari,"Zamarrud, Tariq Aziz, Ejaz, Mustafa Qureshi",1968
Khilona,"Shamim Ara, Kamal, Sofia Bano, Aslam Pervaiz",1968
Lalarukh,"Neelo, Mohammed Ali, Asad, Talish, Adeeb",1968
Mafroor,"Zeba, Sudhir, Nasira, Aslam Pervaiz, Talish",1968
Mahal,"Zeba, Mohammed Ali, Zamarrud, Aslam Pervaiz, Lehri",1968
Main Kahan Manzil Kahan,"Nadeem, Zamarrud, Ada, Ejaz",1968
Main Zinda Hoon,"Shabnam, Sudhir, Ejaz, Adeeb",1968
Manzil Door Nahin,"Hanif, Sofia Bano, Fozina, Sajjad",1968
Mera Ghar Meri Janat,"Shamin Ara, Mohammed Ali, Saqi, Rani",1968
Meri Dosti Mera Pyar,"M. Akhter, Rosy, Anarkali, Zahid, Saiqa",1968
Mujhe Jeene Do,"Zeba, Mohammed Ali, Zamarrud, Rangeela, Ajmal",1968
Nadir Khan,"Nayyar Sultana, Habib, Aslam Pervaiz, Rekha",1968
Nahreed,"Sabiha, Santosh, Deeba, Aslam Pervaiz, Farida",1968
Nakhuda,"Rukhsana, Shakeel, Zammurud, Ibrahim Nafees",1968
Paapi,"Bano, Shakeel, Sitara, Shahina",1968
Padosi,"Deeba, Nadeem, M. Ismail, Abbas Nausha",1968
Pakeezah,"Ejaz, Zeba, Mohammed Ali, Gulrukh",1968
Paristan,"Neelo, Mohammed Ali, Nazar, Asad, Zamarrud",1968
Quli,"Nadeem, Shabana, Sujata, Azim, Naina",1968
Saiqa,"Shamim Ara, Mohammed Ali, Talish, Darpan, Santosh, Zamarrud",1968
Samandar,"Shabnam, Waheed Murad, Hanif, Rozina, Rashid",1968
Sangdil,"Nadeem, Deeba, Masood Ahkter, Rozina",1968
Shahi Mahal,"Mohammed Ali, Firdaus, Aslam Pervaiz, Hamid Wyne",1968
Shareek-e-Hayat,"Shabnam, Kamal, Sabira Sultana, Lehri",1968
Shehanshah Jahangir,"Sabiha Khanum, Santosh Kumar, Ejaz Durrani, Saloni",1968
Shehnai,"Deeba, Syed Kamal, Lehri, Jaffery, Reshma",1968
Soeey Nadya Jage Pani,"Kabori Sarwar, Hasan Imam, Rosy, Jalil Afghani",1968
Sone ki Chidya,"Ghazala, Mohammed Ali, Ilyas, Sabira Sultana",1968
Taj Mahal,"Zeba, Mohammed Ali, Rehan, Talish, Aalyia",1968
Tum Mere Ho,"Shabnam, Nadeem, Sofia, Dear Asghar",1968
Wali Ehad,"Saloni, Habib, Saqi, Mazhar Shah",1968
Zalim,"Ejaz, Rani, Saloni, Adeeb",1968
Zindagi,"Ghazala, Shakeel, Tariq Aziz, Talish",1968
Aanch,"Shamim Ara, Mohammed Ali, Rehana, Aslam Pervaiz",1969
Aasra,"Shabnam, Mohammed Ali, Ratan Kumar, Nabila",1969
Anari,"Shabnam, Nadeem, J. Afghani, Naina",1969
Andaleeb,"Waheed Murad, Shabnam, Aaliya, Talish, Mustafa Qureshi",1969
Aneela,"Deeba, Nadeem, Rozina, Talish",1969
Assalam Alekum,"Rozina, Feroze, K. Irani, Nirala",1969
Baharen Pbirbhi Aingi,"Zeba, Mohammed Ali, Rozina, Lehri",1969
Bahu Rani,"Zeba, Mohammed Ali, Rehana Siddiqui, Lehri",1969
Buzdil,"Deeba, Habib, Ejaz Durrani, Sabira Sultana",1969
Chaudvin Saddi,"Deeba, Kamal, Ahmed Rushdi, Aslam Pervaiz, Allaudin",1969
CID,"Deeba, Sultan, Nasira, Saqi, Talish",1969
Daagh,"Shabnam, Nadeem, Jalil Afghani, M. Shahi",1969
Dard,"Deeba, Ejaz Durrani, Masood Akhtar, Zeenat",1969
Dastan,"Ratan Kumar, Ghazala, Shakil, Aaliya",1969
Dil Deke Dekho,"Deeba, Kamal, Jaffrey, Lehri, Nanna",1969
Dil-e-Baitab,"Shamim Ara, Mohammed Ali, Rani, Rangeela",1969
Diya Aur Toofan,"Naghma, Ejaz Durrani, Rani, Haider",1969
Door ki Awaz,"Deeba, Habib, Saqi, Ajmal",1969
Dr Shaitan,"Tarrana, Waris, Nasira, Jaffrey",1969
Eik Nagina,"Deeba, Waheed Murad, Aaliya, Lehri",1969
Fasana-e-dil,"Deeba, Nadeem, Nayyar, Darpan, Saiqa",1969
Geet Kahin Sangeet Kahin,"Nasima, Mohammed Ali, Adeeb, Rangeela",1969
Ghar Damad,"Kamal, Deeba, Tarannum, Nirala",1969
Ishara,"Deeba, Waheed Murad, Rozina, Talat Hussain",1969
Jaise Jante Nahin,"Zeba, Mohammed Ali, Rozina, Lehri",1969
Jina Bhi Munshkil,"Reshma, Anwera, Hasan Imam, Anwar",1969
Kangan,"Sangeeta, Rahman, Anwar, Nina",1969
Khoon Nahaq,"Rani, Sudhir, Aaliya, Zeenat",1969
Ladla,"Waheed Murad, Shabnam, Sabiha Khanum, Santosh, Rangeela",1969
Maa Beta,"Rani, Waheed Murad, Sabiha Khanum, Rangeela, Nanna",1969
Mehman,"Deeba, Kamal, Nabila, Aslam Pervaiz, Lehri",1969
Mere Arman Mere Sapne,"Sujata, Azim, Raj, Sultana Zaman",1969
Meri Bahabi,"Nayyar, Darpan, Zeenat, Saiqa",1969
Nai Laila Naya Manjnu,"Nasima Khan, Aaliya, Kamal, Lehri",1969
Naz,"Shabnam, Mohammed Ali, Zamarrud, Rangeela, Adeeb",1969
Nazneen,"Shabnam, Nadeem, Qavi, Rangeela",1969
Neela Parbat,"Husna, Mohammad Ali, Komal, Talish, Kamal Irani",1969
Pak Daman,"Sabiha Khanum, Santosh, Ejaz Durrani, Deeba",1969
Piya Milan ki Aas,"Husna, Mohammed Ali, Zamarud, Talish",1969
Piyasa,"Rahman, Suchanda, Azim, Anwera",1969
Pyar ki Jeet,"Rozina, Abid, Azad, Latif Charlie",1969
Qasam Uss Waqt Ki,"Shabnam, Tariq Aziz, Rosy, Rozina",1969
Salgira,"Shamim Ara, Waheed Murad, Tariq Aziz, Nirala",1969
Saza,"Rozina, Jamil, Nayyar, Darpan",1969
Shabistan,"Saloni, Sudhir, Rukhsana, Rehan",1969
Tum Milay Pyar Mila,"Zeba, Mohammed Ali, Iqbal Yusuf, Rangeela",1969
Tumhi Ho Mehboob Mere,"Deeba, Waheed Murad, Rozina, Qavi",1969
Zarqa,"Neelo, Ejaz Durrani, Talish, Allaudin, Saqi",1969
Zindagi Kitni Hasin He,"Zeba, Mohammed Ali, Rangeela, Ilyas",1969
Aakhri Chattan,"Rani, Nursallah, Adeeb, Tarana",1970
Aansoo Ban Gaey Moti,"Shamim Ara, Mohammad Ali, Nasima Khan, Adeeb",1970
Aashna,"Sumbul, Talat Hussain, Nanna, Salim",1970
Afsana,"Deeba, Rozina, Waheed Murad, Nanna",1970
Anjaan,"Zeba, Mohammad Ali, Rukhsana, Allaudin",1970
Anjuman,"Rani, Waheed Murad, Deeba, Sabiha Khanum, Santosh, Lehri",1970
Baazi,"Nadeem, Nisho, Mohammad Ali, Rehan, Qavi",1970
Bedari,"Saloni, Kamal, Lehri, Aaliya",1970
Bequsoor,"Deeba, Mohammad Ali, Masood Akhter, Zeenat",1970
Bewafa,"Shamim Ara, Waheed Murad, Rehana, Nabila, Mustafa Qureshi",1970
Chalo Maan Gayai,"Shabnam, Rahman, Jalil Afghani, Subhash Dutta",1970
Chand Suraj,"Nadeem, Waheed Murad, Shabana, Rozina, Nanna, Sangeeta",1970
Darinda,"Saloni, Sudhir, Rukhsana, Aaliya, Talish",1970
Eik Phool Eik Pathar,"Zeeba, Mohammad Ali, Talish, Aamir, Aatiya Ashraf",1970
Eik Zalim Eik Hasina,"Azim, Shamim Ara, Sultana Zaman, Mustafa",1970
Honeymoon,"Husna, Kamal, Rozina, Jaffery",1970
Hum Log,"Jugnoo, Waheed Murad, Zeenat, Nasira, Saqi",1970
Humjoli,"Nayyar Sultana, Darpan, Mustafa Quereshi, Saqi",1970
Insan Aur Aadmi,"Zeba, Mohammad Ali, Talat Hussain, Aasia",1970
Jale Na Kyun Parwana,"Shabnam, Nadeem, Kamal, Saiqa, Lehri",1970
Jhuk Gaya Aasman,"Tarannum, Modi, K. Irani, Nirala, Tarana",1970
Kauser,"Yasmin, Rukhsana, Habib, Allaudin",1970
Kirdaar,"Akter Aziz, Ghazala, Rozina, Tariq Aziz",1970
Love in Europe,"Rozina, Kamal, Tarana, Ibrahim Nafees",1970
Love in Jungle,"Aaliya, Azim, Adeeb, Nanna",1970
Maina,"Kabori Sarwar, Razzaq, Anwar Hossain, Siraj",1970
Mohabat Rang Laigi,"Zeba, Mohammad Ali, Lehri, Saqi, Saiqa",1970
Mr 420,"Iqbal Yusuf, Rani, Rozina, Nirala",1970
Najma,"Zeba, Mohammad Ali, Rozina, Aaliya, Tamanna",1970
Naseeb Apna Apna,"Shabnam, Waheed Murad, Nirala, Saqi",1970
Naya Savera,"Shabnam, Ejaz Durrani, Zamarrud, Adeeb",1970
Noreen,"Mohammad Ali, Zeba, Ghazala, Lehri, Sabira Sultana",1970
Paraee Beti,"Kamal, Rozina, Tariq Aziz, Tamanna",1970
Payal,"Shabana, Razzaq, Javed, Anis",1970
Phir Chand Nikle Ga,"Deeba, Waheed Murad, Rozina, Nirala",1970
Raja Rani,"Saloni, Jamal, Aaliya, Zahid, Faisal",1970
Rangeela,"Nisho, Aqeel, Saiqa, Rangeela, Salma Mumtaz, M. Zareef",1970
Reshman,"Saoloni, Sudhir, Asliya, Rangeela, Iqbal",1970
Road to Swat,"Syed Kamal, Nasima Khan, Aasia",1970
Saughat,"Rozina, Nadeem, Masood Akhtar, Zamarrud",1970
Shahi Faqir,"Ghazala, Masood Rana, Adeeb, Tarana",1970
Shama Aur Parwana,"Shabnam, Nadeem, Rani, Ejaz Durrani",1970
Shama Parwana,"Nazim, Anila, Ibrahim Nafees, Nirala",1970
Takht-o-Taj,"Saloni, Salim, Talish, Adeeb",1970
Ye Raste Hain Pyar Ke,"Ejaz, Saloni, Habib, Aaliya",1970
Aansoo,"Deeba, Nadeem, Shahid, Mahpara, Firdaus",1971
Afshan,"Shabnam, Waheed Murad, Aaliya, Lehri",1971
Al-Asifa,"Naghma, Sudhir, Talish, Salim Nasir",1971
Ansu Bahae Pathron Ne,"Zeba, Mohammed Ali, Jamal, Seemz, Talish",1971
Babul,"Sultan Rahi, Rani, Yusuf, Aaliya",1971
Chiragh Kahan Roshni Kahan,"Nadeem, Shabnam, Qavi, Sangeeta, Aasia",1971
Dil Aur Duniya,"Rangeela, Aasia, Habib, Sultan Rahi",1971
Do Baghi,"Rani, Kamal, Habib, Lehri, Ilyas",1971
Dosti,"Shabnam, Ejaz Durrani, Husna, Rahman, Saqi, Talish",1971
Duniya Na Mane,"Zeba, Mohammed Ali, Zamarrud, Lehri, Ragni",1971
Eik Sapera,"Aaliya, Iqbal Yusuf, Mahpara, Nirala, Saqi",1971
Garhasti,"Sabiha, Santosh, Sangeeta, Lehri, Aslam Pervaiz, Jamal",1971
Gharnata,"Yusuf, Rozina, Aasia, Jamil",1971
Insaaf Aur Qanoon,"Zeba, Mohammed Ali, Aslam Pervaiz, Wasim, Rizwan Wasti",1971
Jalte Soraj ke Neeche,"Nadeem, Babita, Rozina, Lehri, Allauddin",1971
Jane Bond 008 Operation Karachi,"Raza Fazli, Rakshanda, Tarana, Naggo, Ansari",1971
Khak Aur Khoon,"Shamim Ara, Mohammed Ali, Talish, Saqi",1971
Khamosh Nighahen,"Waheed Murad, Rozina, Husna, Tamanna",1971
Mehrban,"Shabana, Razzaq, Anwera, Sultana Zaman",1971
Mera Dil Meri Arzoo,"Deeba, Yusuf, Aaliya, Adeeb",1971
Mr 303,"Rani, Nasrullah, Tarana, Adeeb, Shakir",1971
Neend Hamari Khwab Tumhare,"Deeba, Waheed Murad, Aaliya, Talish, Nirala",1971
Parai Aag,"Shamim Ara, Nadeem, Zamarrud, Aasia",1971
Rim Jhim,"Waheed Murad, Rozina, Kamal Irani, Zamarrud",1971
Roop Behroop,"Kamal, Nisho, Zamarrud, Mehmood, Lehri",1971
Rootha Na Karo,"Shabnam, Kamal, Lehri, Talish, Mahpara",1971
Sakhi Lutera,"Rani, Nusrullah, Rangeela, Adeeb, Rehan",1971
Salaam-e-Mohabbat,"Zeba, Mohammad Ali, Sangeeta, Lehri",1971
Sucha Sauda,"Naghma, Rani, Kaifi, Inayat Bhatti, Razia",1971
Tehzeeb,"Rani, Shahid, Rangeela, Lehri, Aslam Pervaiz",1971
Teri Surat Meri Aankhen,"Zeba, Mohammed Ali, Masood Akhter, Saiqa",1971
Wehshi,"Mohammed Ali, Shamim Ara, Jamil, Aaliya",1971
Yaaden,"Zeba, Mohammed Ali, Zamarrud, Aasia, Nazim",1971
Yeh Aman,"Nisho, Sangeeta, Iqbal, Adeeb",1971
Aao Pyar Karen,"Deeba, Nadeem, Rangeela",1972
Afsana Zindagi Ka,"Zeba Ali, Mohammad Ali, Zeenat",1972
Akhri Hamla,"Shaista Qaisar, Kemal",1972
Angaray,"Shamim Ara, Nadeem, Nisho",1972
Azaadi,"Rani, Nasrullah Butt, Saqi",1972
Badguman,"Tarannum, Habib, Asad",1972
Badle Gi Duniya Saathi,"Zeba, Mohammad Ali, Iqbal Hassan",1972
Baharo Phool Barsao,"Rani, Waheed Murad, Sangeeta, Rukhsana, Munawar Zarif, Saiqa, Abbas Nosha, Kamal Irani, Tamanna, Rekha, Sheikh Iqbal, Changezi, Iqbal Durrani, Chakram, Ilyas Kashmiri and Aslam Pervaiz",1972
Bandagi,"Shabnum, Waheed Murad, Talish",1972
Bazaar,"Nisho, Imran Sangeeta",1972
Bhai Bhai,"Rani, Kemal, Yousuf, Naghma",1972
Dil Ek Aina,"Zeba, Mohammad Ali, Sangeeta",1972
Daulat Aur Duniya,"Rozina, Waheed Murad, Aaliya, Aslam Pervaiz",1972
Ehsaas,"Shabnam, Nadeem, Rangeela, Mumtaz, Qavi, Sufia Bano, Lehri, Ajmal, Jalil Afghani, Santosh Rissal, Talish",1972
Ek Raat,"Deeba, Shahid, Sabiha, Santosh, Aslam Pervez",1972
Farz Aur Mohabbat,"Nayyar Sultana, Sudhir",1972
Gata Jaye Banjara,"Zamurrad, Agha Sajjad",1972
Hill Station,"Shamim Ara, Waheed Murad",1972
Ilzam,"Zeba Ali, Mohammad Ali, Sangeeta, Shahid",1972
Jahan Baraf Girti Hai,"Yasmin Khan, Badar Munir",1972
Janwar,"Chakori, Badar Munir",1972
Khalish,"Rani, Waheed Murad, Allauddin",1972
Kon Apna Kon Paraya,"Tarana, Habib, Talish",1972
"Basheera""","Habib-ur-Rehman, Sultan Rahi, Rozina",1972
Main Akela,"Aasiya, Shahid, Asad",1972
Main Bhi To Insaan Hoon,"Aasiya, Rangeela, Shahid",1972
Mann Ki Jeet,"Shabnum, Nadeem, Ejaz, Sangeeta, Zarqa, Nanha, Farah Jalal, Qavi, Shahnawaz",1972
Mere Hamsafar,"Shabnam, Mohammad Ali, Aga Talish",1972
Meri Mohabbat Tere Hawale,"Deeba, Nazim, Aqeel",1972
Meri Zindagi Hai Naghma,"Sangeeta, Rangeela, Saiqa, Qavi, Chakram, Tamanna, Aslam Pervez",1972
Mohabbat,"Zeba, Mohammad Ali, Sabiha Khanum, Santosh, Andleeb, Rangeela, Saiqa, Roshan, Saqi, Qavi, Sahira, Niggo, Chham Chham, Pervez Sajjad, Ghayyur Akhtar, Begum Khurshid Mirza",1972
Naag Munni,"Rani, Waheed Murad, Sangeeta, Qavi, Rukhsana, Jalil Afghani, Masood Akhtar, Saqi, Arsalan, Talish",1972
Pardes,"Deeba, Habib, Haidar, Rangeela, Zulfi, Naghma",1972
Pazaib,"Aasiya, Nadeem, Mustafa Qureshi",1972
Sabbaq,"Zeba, Mohammad Ali, Husna, Ragni",1972
Sipah Salar,"Saloni, Ejaz, Adeeb",1972
Sodagar,"Rani, Adil, Talish",1972
Suhag,"Shamim Ara, Nadeem, Qavi",1972
Umrao Jaan Ada,"Rani, Shahid, Zamurrad, Aasiya, Mumtaz, Rangeela, Lehri, Ladla, Imdad Hussain, Nayyar Sultana, Tamanna, Talat Siddiqi, Allauddin, Aga Talish",1972
Yeh Raaste Hain Pyaar Ke,"Aaliya, Habib, Ejaz",1972
Zindgi Ek Safar Hai,"Shamim Ara, Waheed Murad",1972
Zindgi Ke Mailay,"Zamurrad, Sultan Rahi, Hamid Ch.",1972
Aas,"Shabnam, Mohammad Ali, Qavi Khan, Nannha",1973
Anhoni,"Aaliya, Waheed Murad, Lehri,",1973
Banarsi Thug,"Munawar Zarif, Ilyas Kashmiri, Ejaz Durrani, Firdous, Sultan Rahi",1973
Baharon Ki Manzil,"Sangeeta, Shahid, Talish",1973
Daman Aur Chingari,"Mohammad Ali, Nadeem Baig, Aslam Pervaiz, Zeba Ali",1973
Ziddi,"Yousuf Khan, EJaz, Ilyas Kashmiri, Nannha, Munawar Zarif",1973
Jaal,"Nisho, Waheed Murad, Nannah, Husna",1973
Khawab Aur Zindagi,Waheed Murad,1973
Khushia,"Munawar Zarif, Habib, Sangeeta",1973
Mulaqat,"Nisho, Waheed Murad",1973
Rangeela Aur Munawar Zarif,"Rangeela, Munawar Zarif, Saiqa, Shaista Qaisar",1973
Jeera Blade,"Munawar Zarif, Aasia, Saiqa, Afzal Ahmed, Bahar",1973
Bahisht,"Nisho, Nadeem Baig, Nayyar Sultana, Talish, Saiqa",1974
Chaahat,"Shabnam, Rehman, Lehri, Qavi Khan, Mustafa Qureshi",1974
Deedar,"Rani, Shahid, Waheed Murad, Talish, Sabiha Khanum",1974
Dillagi,"Shabnam, Nadeem Baig, Lehri, Talish, Nayyar Sultana, Sultan Rahi, Rehan",1974
Do Tasweerain,"Aasia, Nadeem Baig, Rangeela, Shabnam",1974
Ishg Mera Naa,"Aalia, Waheed Murad, Ilyas Kashmiri, Nazli, Iqbal Hassan",1974
Samaaj,"Nisho, Nadeem Baig, Saiqa, Qavi Khan, Aslam Pervaiz, Meena Chaudhry and Ishrat Chaudhry",1974
Sidha Rasta,"Naghma, Yousuf Khan, Sultan Rahi, Naeem Hashmi",1974
Shirin Farhad,"Zeba Ali, Mohammad Ali, Nimmo, Talish",1975
Zeenat,"Shabnam, Nadeem, Shahid, Munawar Zarif, Talish",1975
Pehchan,"Nadeem, Shabnam, Sabiha Khanam, Qavi Khan",1975
Sharif Badmash,"Yousuf Khan, Aasia, Sultan Rahi, Mustafa Qureshi",1975
Mera Naam Hai Mohabbat,"Babra Sharif, Ghulam Mohiuddin, Zarqa, Bahar Begum, Tamanna, Rehan",1975
Wehshi Jatt,"Sultan Rahi, Aasia, Iqbal Hassan, Ghazala, Afzal Ahmed, Ilyas Kashmiri",1975
Shararat,"Munawar Zarif, Ghulam Mohiuddin, Mumtaz, Nirala, Khalid Saleem Mota, Lehri",1975
Sheeda Pastol,"Munawar Zarif, Aasia, Saiqa, Afzal Ahmed, Aslam Pervaiz, Nayyar Sultana, Sultan Rahi",1975
Jub Jub Phool Khile,"Zeba, Waheed Murad, Mohammad Ali, Nadeem, Mumtaz",1975
Chitra Tay Shera,"Yousuf Khan, Aasia, Sultan Rahi, Ilyas Kashmiri, Adeeb",1976
Andaata,"Muhammad Ali, Sultan Rahi, Sudheer, Mumtaz, Adeeb, Lehri",1976
Musafir,"Usmaan Peerzada, Zahoor Ahmad, Subhani Bayounous, Mariana Haq, Shamim Hilali, Raja Jameel, Pia Khan",1976
Society Girl,"Sangeeta, Kaveeta, Ghulam Mohiuddin, Bahar Begum, Nisho, Qavi,",1976
Ishq Ishq,"Kaveeta, Ghulam Mohiuddin, Nadeem Baig, Sangeeta",1977
Haider Ali,"Mohammad Ali, Talish",1979
Maula Jatt,"Sultan Rahi, Mustafa Qureshi, Aseia",1979
Aap Ki Khatir,"Rani, Shahid, Rahat",1980
Atish,"Najma, Ghulam Mohayyuddin",1980
Azmaish,"Shabnum, Shahid, Rahat",1980
Badalte Mausam,"Shabnum, Nadeem Baig, Asif Raza",1980
Badnaam,"Rani, Mohammad Ali, Waheed",1980
Bandhan,"Najma, Waheed Murad, Ghulam Mohayyuddin, Lehri, Nazar, Aslam Pervez",1980
Bandish,"Shabnam, Nadeem Baig, Diana Christiana, Ray Martin, Talish, Allauddin",1980
The Blood of Hussain,"Aliya Begam, Durriya Kazi",1980
Chhote Nawab,"Babra, Shahid, Waheed",1980
Daaman,"Babra Sharif, Asif Raza Mir",1980
Farzana,"Kveeta, Shahid, Najma",1980
Hanste Aansoo,"Nisho, Tariq, Allauddin",1980
Haseena Maan Jayegi,"Asiya, Rangeela, Lehri",1980
Haye Yeh Shohar,"Rani, Shahid, Asif Raza",1980
Hum Dono,"Shabnum, Nadeem Baig, Kamal, Nimmi, Saiqa, Jamil Bismil, Aslam Pervez",1980
Khandan,"Najma, Rahat Kazmi, Badar Munir, Ishrat Chohdry, Tamanna",1980
Mehal Mere Sapno Ka,"Kveeta, Nadeem, Sangeeta",1980
Mehndi Lagi Mere Haath,"Kaveeta, Nadeem, Sangeeta",1980
Nahin Abhi Nahin,"Shabnam, Faisal, Ayyaz, Arzoo, Deeba, Qavi, Rangeela",1980
Piari,"Shabnum, Waheed Murad",1980
Rishta,"Shabnum, Nadeem, Anjuman",1980
Saathi,"Babra Sharif, Shahid, Asif Raza Mir, Bindia, Rangeela, Shehla Gill, Nayyar Sultana",1980
Saima,"Babra Sharif, Nadeem, Rahat Kazmi, Bazgha, Lehri, Bahar",1980
Shabab,"Nimmi, Badar Munir",1980
Sheikh Chilli,"Rani, Shahid, Asif",1980
Smuggler,"Nimmi, Badar Munir",1980
Zameer,"Deeba, Mohammad Ali, Waheed",1980
The Blood of Hussain,"Salmaan Peerzada, Kika Markham, Durriya Kazi, Shoaib Hashmi, Samina Peerzada",1981
Mian Biwi Razi,"Nadeem, Kaveeta, Tahira Naqvi, Agha Sikander, Nanha",1982
Des Pardes,"Sultan Rahi, Aasia, Chakori, Bahar",1983
Dara Baloch,"Sultan Rahi, Mustafa Qureshi, Anjuman, Ilyas Kashmiri",1983
Sholay,"Sultan Rahi, Anjuman, Mustafa Qureshi, Ilyas Kashmiri",1984
Kamyabi,"Nadeem Baig, Shabnam, Talat Hussain, Nanha",1984
Sajawal Daku,"Mustafa Qureshi, Rani, Shagufta, Nannha",1984
Lazawal,"Shabnam, Nadeem",1984
Hero,"Mumtaj, Waheed Murad, Nadeem Baig, Aslam Pervaiz, Saqi, Babra Sharif",1985
Angara,"Yousuf Khan, Aasia, Ilyas Kashmiri, Sultan Rahi",1985
Nazdeekiyan,"Usmaan Peerzada, Irfan Khosat, Samina Peerzada",1986
Baghi Sipahi,"Sultan Rahi, Mustafa Qureshi, Mumtaz, Aasia",1986
Aag Aur Sholay,"Adeeb, Manzoor Ali, Mohammad Ali, Shehbaz Durani, Ghulam Mohiuddin, Nayyar Sultana",1987
Bazar-e-Husn,"Salma Agha, Nadeem, Samina Peerzada",1988
Mukhra,"Nadeem, Samina Peerzada, Babra Sharif",1988
Kalka (film),"Anjuman (actor), Sultan Rahi, Asif Khan, Afzal Ahmed, Shahida Mini, Adeeb, Talish",1989
Shaani,"Babra Sharif
Ghulam Mohiuddin",1989
Taqat Ka Toofan,"Salma Agha, Ghulam Mohiuddin, Nadeem Baig",1989
Aasmaan,"Yusuf Khan
Nadeem Babra Sharif",1990
Barood Ka Tohfa,"Hasan Hashmi, Rana Faisal (Child Star), Raeena, Jahanzeb, Raheela Agha",1990
Bulandi,"Nadeem, Samina Peerzada, Reema, Shaan Shahid",1990
Choron Ka Dushman,"Babra, Javed Sheikh",1990
Daka,"Shahida Minni, Ajab Gul",1990
Haseena Atom Bomb,"Musarrat, Badar Munir",1990
Insaniyat Kay Dushman,"Anjuman, Nadeem, Neeli, Izhar Qazi, Sultan Rahi",1990
International Guerillas,"Babra, Javed, Afzaal",1990
Jangjoo Gorillay,"Neeli, Javed, Ajab Gul",1990
Kala Pani,"Babra, Qazi, Ajab Gul",1990
Kali,"Babra, Ismael Shah",1990
Leader,"Kaveeta, Nadeem, Qazi",1990
Maa Qasm,"Babra, Ismael Shah",1990
Miss Cleopatra,"Babra, Sultan Rahi, Gullu",1990
Nagina,"Reema Khan, Shaan Shahid, Madiha Shah",1990
Number One,"Salma Agha, Izhar Qazi",1990
Puttar Jaggey Da,"Sultan Rahi, Nadira",1990
Puttar Shahiye Da,"Yusuf Khan Naghma, Iqbal Hassan, Mustafa Qureshi",1990
Raja,"Nadra, Nadeem, Javed",1990
Tezab,"Gori, Ismael Shah",1990
Ustadon Ke Ustad,"Nadeem, Babra, Javed Sheikh",1990
Zehreelay,"Reema, Javed, Ajab",1990
Aalmi Jasoos,"Kaveeta, Qazi, Gullu",1991
Aandhi,"Shabana, Nadeem, Faisal",1991
Aansoo,"Naz, Amir Farid, Reza",1991
Akhri Shikar,"Babra, Salma Agha, Qazi",1991
Aslah,"Madiha, Suleman, Tariq",1991
Badmuash Thugg,"Gori, Sultan Rahi, Javed",1991
Bakhtawar,"Neeli, Izhar Qazi, Saima, Javed Sheikh",1991
Betab,"Kaveeta, Asad, Shahida",1991
Chitaan,"Musarrat, Nasir Bholu",1991
Cobra,"Nadira, Sultan Rahi, Gullu",1991
Darindgi,"Neeli, Javed, Reema",1991
Dil,"Reema, Shaan, Rustam",1991
Doulat Ke Pujari,"Nadira, Nadeem, Neeli",1991
Goli Tere Naam Ki,"Sassi, Amir Farid, Ruhi",1991
Grango,"Musarrat, Badar Munir",1991
Gulfam,"Madiha, Shaan, Rahi",1991
Hussan Ka Chor,"Shaan Shahid, Javed Sheikh, Nadira",1991
Ishq,"Reema, Shaan, Rustam",1991
Ishq Deewana,"Madiha Shah, Shaan",1991
Khatron Ke Khilari,"Neeli, Javed, Reema",1991
Mard,"Madiha Shah, Shaan, Khushbu",1991
Medan-e-Jang,"Reema, Sultan Rahi, Madiha",1991
Naag Devta,"Reema, Shaan, Qureshi",1991
Nadira,"Nadira, Shaan, Saima, Naghma",1991
Nigahen,"Afzaal Ahmad, Shahida Mini, Shaan Shahid, Madhiha Shah",1991
Pyar Aur Paisa,"Neeli, Ismael Shah",1991
Pyar Hi Pyar,"Reema, Shaan, Nida",1991
Pyar Kiya To Darna Kya,"Durdana Rehman, Shaan, Babur",1991
Rambo,"Reema, Ajab Gul, Hamayun",1991
Rangeelay Chor,"Madiha, Ajab Gul",1991
Saat Khoon Muaf,"Neeli, Javed, Reema",1991
Sailab,"Reema, Shaan, Asad",1991
Son of Shehnshah,"Shehnaz, Badar Munir",1991
Teen Yakke Teen Chhakke,"Neeli, Sultan Rahi, Qazi",1991
Watan Ke Rakhwaley,"Nadira, Nadeem, Rahi",1991
Zid,"Ghulam Mohiuddin, Nadeem, Babra Sharif",1991
Mr. 420,"Umer Sharif, Madiha Shah, Roobi Niazi, Shakeela Qureshi, Khalid Zafar",1992
Shehzada,"Nadeem, Reema Khan, Babra Sharif",1992
Pabandi,"Kaveeta, Nadeem, Samina",1992
Pamila,"Neeli, Javed Sheikh",1992
Aur Choorian Toot Gein,"Shakeel Khan, Sapna, Nawaz, Shaista",1992
Raaz,"Babra, Mohsin, Moin Akhtar",1992
Jeena Chahti Hun,"Madiha Shah, Ismael Shah",1992
Aaj Ka Dour,"Rubi, Arshad Mehmood",1992
Zindgi,"Shahida Minni, Sultan Rahi",1992
Godfather,"Nadra, Sultan Rahi",1992
Haseeno Ki Barat,"Anjuman, Sultan Rahi, Javed",1992
Abdullah The Great,"Neeli, Nadeem, Saima, Izhar Qazi, Sonia, Albela, Rangeela",1992
Naila,"Madiha Shah, Shaan, Abid Ali, Tariq Shah",1992
Chahat,"Nadeem, Mustafa Qureshi, Reema Khan",1992
Mehbooba,"Nadeem, Reema Khan, Anjuman, Nadira",1992
Khazana,"Nadeem, Izhar Qazi, Sahiba",1993
Khuda Ghawah,"Nadeem, Neeli, Sultan Rahi, Saima",1993
Kotwal,"Nadeem, Neeli, Sultan Rahi",1993
Khwahish,"Samina Peerzada, Moin Rahman, Babra Sharif",1993
Qasam,"Nadeem 
Saleem Sheikh",1993
International Luterey,"Afzal Khan, Ghulam Mohiuddin, Nadeem, Sultan Rahi, Saima",1994
Khandan,"Anjuman, Ghulam Mohiuddin, Nadeem, Sultan Rahi, Reema",1994
Ainak Wala Jinn,"Shah Taj, Abid Kashmiri",1995
Ajab Khan,"Madiha, Badar Munir",1995
Awargi,"Madiha, Shaan, Nadeem",1995
Baghi Shehzaday,"Saima, Sultan Rahi",1995
Chuupay Rustam,"Rubi, Umar Sharif, Rahi",1995
Dam Mast Qalandar,"Anjuman, Sultan Rahi",1995
Golden Girl,"Anjuman, Sultan Rahi",1995
Ham Nahin Ya Tum Nahin,"Neeli, Javed, Babra",1995
Jeenay Do,"Hina Shahin, Nawaz Khan",1995
Jeeva,"Babar Ali, Resham, Nadeem, Neeli, Javed Sheikh",1995
Jo Darr Gya Woh Marr Gya,"Neeli, Javed Sheikh, Atiqa Odho, Reema and Nadeem",1995
Jungle Ka Qanoon,"Saima, Sultan Rahi",1995
Kanta,"Meera, Mohsin, Talish",1995
Khazana,"Sahiba, Nadeem, Izhar",1995
Khotay Sikkay,"Reema, Umer Sharif",1995
Madame Rani,"Anjuman, Ghulam Mohiuddin, Nadeem, Sultan Rahi, Reema Khan",1995
Mr. K2,"Seema Rizvi, Moin Akhtar",1995
Munda Bigra Jaye,"Reema, Babar Ali, Sahiba, Jan Rambo",1995
Muskarahat,"Reema, Umar Sharif",1995
Mushkil,"Ghulam Mohiuddin, Nadeem, Neeli, Javed Sheikh",1995
Panah,"Sahiba, Nadeem, Javed",1995
Sarak,"Rahi, Reema, Babar Ali",1995
Sargam,"Adnan Sami Khan, Zeba Bakhtiar, Nadeem",1995
Zar Gul,"Salmaan Ali, Faryal Gohar, Talat Hussain, Jamil Malik, Steve Masty, Babar Peerzada, Imraan Peerzada, Samina Peerzada, Mehmood Sidiqi",1995
Aalmi Ghunday,"Saima, Yousuf, Reema",1996
Aao Pyar Karen,"Neeli, Javed, Nargis",1996
Bazigar,"Meera, Babur Ali, Arbaaz Khan",1996
Be-qabu,"Reema, Babar Ali, Rambo",1996
Chamak,"Madiha, Suleman, Reena",1996
Chief Sahib,"Neeli, Javed Sheikh, Meera, Salim Sheikh",1996
Chor Machaye Shor,"Babar Ali, Ali Ejaz, Afzal Khan, Reema Khan, Resham, Sahiba Khan, Saud Ali",1996
Choron Ke Ghar Chor,"Kubra, Ghalib Kamal",1996
Ghunghat,"Shaan Shahid, Rehsham, Saima, Arbaaz Khan",1996
Ham Hain Aapke Ghulam,"Reema, Babar Ali, Rambo",1996
Ham To Chaley Susral,"Reema, Babar Ali, Rambo, Sahiba",1996
Hawaen,"Jan Rambo, Meera, Nadeem, Reema, Saud",1996
International Haseena,"Musarrat, Tariq Shah",1996
Jeetay Hain Shaan Se,"Sahiba, Asad, Sonia",1996
Khel,"Nain Tara, Sultan Rahi",1996
Khilona,"Saima, Saud, Shaan, Meera, Salim Sheikh",1996
Kurdion Ko Daley Dana,"Neeli, Mohsin, Resham",1996
Lakht-e-Jiggar,"Reema, Babur Ali, Rahi",1996
Love 95,"Reema, Babar Ali, Rambo",1996
Mehndi,"Sahiba, Ghalib Kamal",1996
Mera Mehboob Mera Qatil,"Haseena, Shoaib Khan Gillani, Pakeeza Mughal, Asif Khan Gillani(Child Actor)",1996
Miss Istanbul,"Reema, Babur Ali, Rambo",1996
Moamla Garbar Hai,"Reema, Babar Ali, Rambo",1996
Mummy,"Nadeem, Atiqa Odho, Mustafa Qureshi, Reema Khan",1996
Munda Tera Deewana,"Reema, Babar Ali, Sahiba, Jan Rambo, Saud",1996
Raja Sahib,"Sahiba, Adil Murad, Sana",1996
Raju Ban Gaya Gentleman,"Meera, Rambo, Mohsin",1996
Saza,"Shabnum, Faisal Qureshi",1996
Tilsami Jazeera,"Reema, Badar Munir, Asif",1996
Too Cheez Bari Hai Mast Mast,"Sahiba, Rambo, Sana",1996
Aanchal,"Resham, Rambo, Arbaz",1997
Aashqi Khel Nahin,"Meera, Saud, Nirma",1997
Aulad Ki Qasam,"Nadeem, Reema Khan, Shabnam",1997
Barsat Ki Raat,"Meera, Shaan, Rambo",1997
Chand Girhan,"Shah Taj, Faisal Qureshi",1997
Deewane Tere Pyar Ke,"Jia Ali
Moammar Rana",1997
Dever Deewanay,"Reema, Babur Ali, Rambo",1997
Dil Bhi Tera Ham Bhi Tere,"Meera, Saud, Mohsin",1997
Dil Kisi Ka Dost Nahin,"Saima, Saud, Khoshboo, Arbaz Khan, Sana",1997
Dil Tera Aashiq,"Neeli, Mohsin, Khushboo",1997
Dil Walay,"Saima, Javed Sheikh, Gullu",1997
Dream Girl,"Meera, Saud, Laila",1997
Duniya Hai Dil Walon Ki,"Reema, Babur Ali, Saud",1997
Fareb,"Meera, Saud, Laila, Shaan",1997
Ghayal,"Babra, Izhar Qazi, Gullu",1997
Ham Kisi Se Kam Nahin,"Reema, Babur Ali, Rambo",1997
Ham Tumhare Hain,"Reema, Babur Ali, Nadeem, Meera, Saud",1997
Jan Jan Pakistan,"Saiba, Rambo, Sara",1997
Jeet,"Meera, Saud, Rambo",1997
Karam Daata,"Neeli, Nadeem, Rambo",1997
Karishma,"Reema, Saud, Rambo",1997
Khuda Janay,"Reema, Babur Ali, Rambo",1997
Mafia,"Reema, Babur Ali, Rambo",1997
Main Khilari Too Anari,"Reema, Babur Ali, Rambo",1997
Mard Jeene Nahin Dete,"Neeli, Rambo, Meera",1997
Miss Kalashnikov,"Shahida Mini, Gullu, Saima",1997
Mohabbat Hai Kya Cheez,"Resham, Shaan, Nadeem",1997
Najaiz,"Reema, Babur Ali, Nadeem",1997
Qarz,"Ghulam Mohiuddin, Nirma, Javed Sheikh",1997
Raja Pakistani,"Reema, Babur Ali, Rambo",1997
Sangam,"Resham, Shaan, Salim Sheikh, Sana",1997
Sharafat,"Saima, Saud, Resham",1997
Umar Mukhtar,"Reema, Yusuf Khan Nadeem, Arbaz Khan, Ghulam Mohayuddin, Sohail Ahmad",1997
Uqaboon Ka Nasheman,"Yusuf Khan Reema, Babur Ali, Rambo",1997
Yes Boss,"Meera, Javed Sheikh, Resham",1997
Choorian,"Moammar Rana, Saima Noor, Nargis (Actress), Sana Nawaz, Shafqat Cheema",1998
Deevaren,"Reema, Babur, Saima",1998
Dil Sanbhala Na Jaye,"Reema, Babur, Saima",1998
Do Boond Pani,"Resham, Shaan, Saud",1998
Doli Saja Ke Rakhna,"Reema, Shaan, Rambo",1998
Dulha Le Kar Jaun Gi,"Reema, Babur, Gullu",1998
Duniya Dekhe Gi,"Resham, Shaan, Moamar Rana",1998
Dupatta Jal Raha Hai,"Saima, Arbaz Khan, Resham, Nadeem",1998
Ehsas,"Meera, Shaan, Javed",1998
Harjai,"Meera, Babur, Neeli",1998
Haseena Numbri Aashiq Das Numbri,"Meera, Shaan, Saud",1998
Insaf Ho To Aisa,"Reema, Shaan, Babur",1998
Jinnah - The Movie,"Christopher Lee, James Fox, Maria Aitken, Shashi Kapoor, Richard Lintern",1998
Jise De Moula,"Reema, Babur, Saud",1998
Kabhi Haan Kabhi Naa,"Meera, Shaan, Saud",1998
Kahin Pyar Na Ho Jaye,"Resham, Shaan, Salim",1998
Khalnayak,"Neeli, Javed, Rambo",1998
Khatarnak Haseena,"Sabeeta, Sheeva, Noutan",1998
King Maker,"Reema, Shaan, Saud",1998
Mohafiz,"Saima, Shahid, Nadeem",1998
Mohlat,"Resham, Moamar, Nadeem",1998
Nakhra Gori Ka,"Reema, Babur, Jia Ali",1998
Nikah,"Reema Khan, Shaan Shahid, Ahsan Khan, Nirma, Laila, Deeba, Abid Khan, Mishi Khan",1998
"Sahib, Bibi Aur Tawaif","Chandni, Javed, Rambo",1998
Sahib Jee,"Reema, Nadeem, Javed",1998
Too Chor Main Sipahi,"Sana, Rambo, Mohsin",1998
Too Meri Main Tera,"Reema, Shaan, Rambo",1998
Very Good Duniya Very Bad Log,"Reshan, Shaan, Fakhar Alam, Nargis, Neeli, Kavi, Latif Kapadia, Zaheen Tahira",1998
Zevar,"Reema, Babur, Shahid",1998
Ziddi,"Samia, Saud, Babur",1998
Zor,"Shahid, Nadeem, Reema, Babur, Moamar",1998
Aik Aur Love Story,"Sajjad Ali, Saira Khan, Nirma, Salim Sheikh",1999
Chand Babu,"Saima, Umar Sharif",1999
Chupke Chupke,"Resham, Moamar Rana",1999
Daku Rani,"Saima, Shaan, Moamar",1999
Dekha Jayega,"Saima, Shaan, Moamar",1999
Dil Mein Chhupa Ke Rakhna,"Saima, Shaan, Nadeem",1999
Dil To Pagal Hai,"Reema, Shaan, Bahar",1999
Dunia Se Kya Darna,"Saima, Javed Sheikh",1999
Dushman Zinda Rahe,"Reema, Moamar, Babur",1999
Ghaddar,"Khushboo, Faisal Rehman",1999
Guns N' Roses - Ek Junoon,"Resham, Meera, Shaan Shahid, Faisal Rehman",1999
Hawwa Ki Beti,"Sapna, Izhar Qazi, Nargis",1999
Ik Pagal Si Larki,"Reema, Moamar, Khushboo",1999
Insaniyat Ke Qatil,"Meera, Saud, Babar",1999
Inteha,"Meera, Nadeem, Resham, Humayun Saeed, Zeeshan Sikander",1999
Ishq Zinda Rahe Ga,"Neeli, Shaan, Sahiba",1999
Jannat Ki Talash,"Resham, Saud, Shaan Shahid, Shafqat Cheema",1999
Jazba,"Saima, Shaan, Saud",1999
Koela,"Saima, Shaan, Moamar",1999
Kursi Aur Qanoon,"Saima, Shaan, Moamar",1999
Mujhe Jeene Do,"Meera, Babur Ali, Javed Shiekh, Sana",1999
Noukar,"Reema, Saud, Saima",1999
Pal Do Pal,"Meera, Saud, Moamar",1999
Qaid,"Zeba Bakhtiar, Saud, Saima",1999
Qismat,"Saima, Moamar, Reema",1999
Sala Bigra Jaye,"Saima, Shaan, Mohsin",1999
Waris,"Saima, Shaan, Moamar",1999
Wirasat,"Saima, Moamar, Rambo",1999
Aag Ka Darya,"Noor Bukhari, Shaan, Sana Nawaz",2000
Abhi Nahin To Kabhi Nahin,"Saima, Shaan, Moammar Rana",2000
Angaaray,"Shafqat Cheema, Mustafa Qureshi, Moammar Rana, Saima, Shaan",2000
Banarsi Chor,"Saima, Saud, Reema Khan",2000
Barood,"Reema Khan, Shaan, Moamar",2000
Beti,"Saima, Moamar, Rambo",2000
Billi,"Saima, Nadeem, Meera, Noor",2000
Billo 420,"Reema Khan, Moamar, Saima",2000
Dil Se Na Bhoolana,"Meera, Saud, Rambo",2000
Ghar Kab Aao Gay,"Saima, Shaan, Sana, Meera, Zeeshan, Javed Sheikh, Jia Ali",2000
Ghulam,"Saima, Shaan, Moamar",2000
Ham Khiladi Pyar Ke,"Neeli, Shaan, Sana",2000
Jungle Queen,"Jan Rambo, Moammar Rana, Saima",2000
Kahan Hai Qanoon,"Saima, Shaan, Resham",2000
Khuda Ke Chor,"Saima, Shaan, Nadeem",2000
Lakhon Mein Aik,"Saima, Moamar, Babar Ali",2000
Lazawal,"Meera, Suad, Babur",2000
Love in Holland,"Laila, Ahsan, Ateeq",2000
Marvi,"Marvi, Faisal Qureshi",2000
Mehbooba,"Noor, Arbaz, Roop",2000
Meri Tauba,"Neeli, Javed Sheikh",2000
Mr. Faradiye,"Meera, Shaan, Saud",2000
Mujhe Chand Chahiye,"Shaan, Noor, Atiqa Odho, Moammar Rana, Reema Khan, Javed Sheikh, Ismail Tara",2000
No Paisa No Problem,"Noor, Humayun Saeed , Sana",2000
Pasand,"Reema Khan, Babur, Khushboo",2000
Pehchan,"Moammar Rana, Reema Khan, Saima, Saud, Shaan",2000
Sangdil,"Saima, Shaan, Moamar",2000
Sultana Daku,"Saima, Shaan, Sana",2000
Tere Pyar Mein,"Shaan, Zara Sheikh, Veena Malik",2000
Waada,"Saima, Saud, Noor",2000
Yeh Hui Na Mardon Wali Baat,"Resham, Munna, Raheel, Guriya",2000
Aaj Ki Larki,"Resham, Shaan, Babur Ali",2001
Babu,"Zeba Bakhtiar, Saud",2001
Baghi,"Saima, Shaan, Saud",2001
Choorian Nahin Hathkarian,"Saima, Saud, Reema",2001
Dakait,"Saima, Shaan, Moamar",2001
Daldal,"Reema, Shaan, Saud",2001
Dil Deewana Hai,"Jia Ali, Babur, Moamar, Nadeem",2001
Doulat,"Saima, Shaan, Nirma",2001
Gharana,"Meera, Babur, Saud",2001
Hakumat,"Saima, Shaan, Sana",2001
Jan Tere Naam,"Reemit, Babur Ali, Saud",2001
Janwar,"Noor, Arbaz, Megha",2001
Khanzada,"Saima, Shaan",2001
Khoey Ho Tum Kahan,"Meera, Babar Ali, Nagma, Deeba",2001
Martey Dam Tak,"Sonam, Umar, Amir",2001
Mere Mehboob,"Resham, Shaan, Sana",2001
Meri Pukar,"Shaan, Saud",2001
Moosa Khan,"Saima, Shaan, Noor, Jan Rambo",2001
Munda Rang Rangeela,"Resham, Mohamar, Rambo",2001
Musalman,"Sana, Shaan, Meera",2001
Raka,"Saima, Lucky, Hamayun",2001
Rukhsati,"Meera, Moamar Rana, Jia Ali",2001
Sajan Ka Pyar,"Khushbu, Imran Sheikh",2001
Sangam,"Reema, Shaan, Saud",2001
Sapne Apne Apne,"Saima, Moamar, Bahar",2001
Toofan Mail,"Saima, Shaan, Noor",2001
Uff Yeh Bivian,"Saima, Moamar, Reema",2001
Baghawat,"Sana, Shaan, Nirma",2002
Behram Daku,"Saima, Shaan, Babur",2002
Border,"Sana, Shaan, Reema",2002
Babbu Khan,"Saima, Shaan, Bader Munir",2002
Chalo Ishq Larain,"Meera, Zara Sheikh, Ali Haider",2002
Daku,"Saima, Shaan, Noor",2002
Fire,"Reema, Mohammar Rana",2002
Ghazi Ilmuddin Shaheed,"Noor, Moamar Rana",2002
Geo Jatta,"Reema, Nazo, Baber Ali, Saud",2002
Ishtehari,"Sana, Shaan, Laila",2002
Jahad,"Saima, Shaan, Meera",2002
Kon Banega Karorpati,"Reema, Moamar Rana",2002
Khuda Qasam,"Reema, Saud, Amman",2002
Maneela Ke Jasoos,"Sana, Shaan, Babur",2002
Pehla Sajdah,"Aleena, Balal, Rashid",2002
Raqasa,"Meera, Shaan, Resham",2002
Shikari Haseena,"Haseena, Shaan, Babur Ali",2002
Sholay,"Saima, Shaan, Reema",2002
Toofaan,"Saima, Shaan, Moamar",2002
Yeh Dil Aap Ka Huwa,"Babar Ali, Veena Malik, Moammar Rana, Sana, Javed Sheikh, Saleem Sheikh",2002
Commando,"Saima, Shaan, Moammar Rana",2003
Darinda,"Sana, Shaan, Reema",2003
Darr,"Saima, Shaan, Noor",2003
Dil Totey Totey Hogaya,"Saima, Shaan, Reema",2003
Kalia,"Sana, Shaan, Nirma",2003
Halaku,"Sana, Shaan, Babur",2003
Kundan,"Saima, Shaan, Babar",2003
Laaj,"Zara Sheikh, Nirma, Imran Khan, Resham, Talat Hussain",2003
Larki Panjaban,"Babar Ali, Shamil Khan, Saima",2003
Meri Awaz Sunu,"Saima, Shaan, Meera",2003
Pyar Hi Pyar Mein,"Anchal, Ali Tabish, Wasif Butt, Nisha",2003
Qayamat,"Saiam, Shaan, Sangeeta",2003
"Roti, Goli Aur Sarkar","Reema, Mohammar Rana",2003
Shararat,"Babar Ali, Mehr Hassan, Nirma, Shaan",2003
Soldier,"Aleena, Balal, Rashid",2003
Tera Jadu Chal Gaya,"Noor, Moamar Rana",2003
Yeh Waada Raha,"Saima, Shaan, Moamar",2003
Amman Ke Dushman,"Reema, Shaan, Saud",2004
Budha Bigra Jaye,"Aleena, Rambo, Naveed",2004
Daaman Aur Chingari,"Saima, Izhar, Nargis",2004
Hum Ek Hain,"Shaan
Saima",2004
Jan Leva,"Sana, Moamar Rana",2004
Khamosh Pani,"Kiron Kher, Aamir Ali Malik, Arsad Mahmud",2004
Loha,"Samia, Shaan, Rambo",2004
Rabba Ishq Na Howe,"Sami, Asima, Nimra",2004
Salakhain,"Zara Sheikh, Meera, Saud, Ahmed Butt",2004
Sassi Punno,"Sana, Moamar Rana",2004
Daku Haseena,"Sana, khakan, Babur Ali",2005
Dekha Pehli Bar,"Saima, Saud, Megha, Shafqat Cheema, Naghma, Sardar Kemal",2005
Ik Gunah Aur,"Meera, Moamar, Saud",2005
Jhalak,"Aleena, Yasir, Naghma, Habib",2005
Khatarnaak,"Sana, Shaan, Saud, Shafqat",2005
Koi Tujh Sa Kahan,"Irfan Khosat, Veena Malik, Nadeem, Moammar Rana, Reema Khan",2005
Kyun Tum Se Itna Pyar Hai,"Arbaaz Khan, Veena Malik, Ajab Gul, Babrak Shah, Nadeem, Sana",2005
Mustafa Khan,"Saima, Shaan, Resham, Saud",2005
Naag Aur Nagin,"Saima, Moamar Rana, Veena Malik, Babar Ali, Badar Munir, Shafqat Cheema",2005
Parcham,"Sidra, Shahid Khan, Nemat Sarhadi",2005
Pyar To Hota Hai,"Sidra, Shahid Khan, Nemat Sarhadi",2005
Sahib Log,"Saima, Moamar, Nazo, Arbaz",2005
Saturday Night Special,"Sidra, Shahid Khan, Nemat Sarhadi",2005
Tere Bin Jiya Na Jaye,"Zara Sheikh, Imran Malik, Nadeem, Sherry",2005
Dulhan Banti Hein Naseebo Walian,"Reema, Saud, Neeli, Jan Rambo",2006
Fire,"Reema Khan, Meera, Moammar Rana, Saud, Nirma",2006
Gunahon Ka Shehar,"Sana, Ahmad Butt, Saima Khan",2006
Jism,"Roofi Ana'am, Shamyl Khan",2006
Madam Diyaribaz,"Saima, Ahmad Butt, Arbaz Khan",2006
Murder,"Roofi Ana'am, Arbaz Khan, Shamyl Khan",2006
One Two Ka One,"Saima, Moamar Rana, Reema",2006
Pehla Pehla Pyaar,"Zara Sheikh, Nadeem, Resham, Ali Tabish, Babrak Shah",2006
Tarrap,"Nadeem, Resham, Saud, Babrak Shah",2006
Wapsi,"Veena Malik, Shamyl Khan, Arbaz Khan",2006
Zakhmi Aurat,"Sana, Shaan, Roofi Ana'am",2006
Zamin Ke Khuda,"Saima, Shaan, Moamar Rana",2006
Anokhi Shikaran,"Sana, Moamar Rana, Laila",2007
Aurat Ek Khilona,"Reema, Moamar Rana, Babar Ali",2007
Badnaam,"Saima, Moamar Rana",2007
Bichhu,"Saima, Moamar Rana",2007
Ek Daulat Ki Hawas,"Saima, Moammar Rana, Sana",2007
Godfather,"Vinod Khanna, Arbaaz Khan, Meera, Ajab Gul and Shafqat Cheema",2007
Haseena Golimar,"Saima, Moamar Rana",2007
Honey Moon,"Nida Chodhary, Ahmad Butt, Sajna",2007
Jhoomer,"Saima
Moammar Rana",2007
Khuda Ke Liye,"Shaan, Naseeruddin Shah, Fawad Afzal Khan, Iman Ali, Hameed Sheikh",2007
Mein Ek Din Laut Ke Aaoonga,"Humayun Saeed, Nadeem, Nausheen Sardar Ali, Puja Kanwal and Javed Sheikh",2007
Zibahkhana,"Ashfaq Bhatti, Sultan Billa, Osman Khalid Butt, Rubya Chaudhry",2007
Mohabbataan Sachiyaan,"Veena Malik, Babrak Shah, Adnan Khan, Maria Khan",2007
Azan,"Shaan, Saima, Moammar Rana",2008
Anjaam,"Shaan, Veena Malik, Sami Khan",2008
Basanti,"Shaan, Saima, Mustafa Qureshi",2008
Kabhi Pyar Na Karna,"Moammar Rana, Zara Sheikh",2008
Kala Pul,"Saleem Iqbal, Angeline Malik, Munawwar Saeed",2008
Khair De Ka Ghareeb Yum,"Shahid, Sonia Lal, Nazo, Ali Khan, Shabina khan, Mehwish",2008
Zill-e-Shah,"Saima Noor, Shaan Shahid, Noor Bukhari",2008
Khulay Aasman Ke Neechay,"Nadeem Baig, Sana, Saleem Sheikh, Meera, Humayoon Saeed",2008
Ramchand Pakistani,"Nandita Das, Syed Fazel Hussain, Rashid Farooqui",2008
Talabgaar,"Shamyl khan, Sana, Amina Malik",2009
Miss Top 10,"Sana, Shaan",2009
Honeymoon,"Nida Chaudhary, Aisha",2009
Aaj Ki Larki,"Nargis, Shaan, Babar Ali, Saud",2009
Zakhmi Aurat,"Shaan, Sana",2009
Mehbooba,Noor,2009
Loufar,Laila,2009
Anokhi Shikaran,"Sana, Laila",2009
Black Cat,Ahmed Butt,2009
Madam X,Shaan,2009
Husn Parast,Moammar Rana,2009
Virsa,"Gulshan Grover, Mehreen Raheel, Arya Babbar, Kanwaljeet Singh, Noman Ejaz.",2010
Channa Sachi Muchi,"Moammar Rana, Saima, Babar Ali, Hina Shaheen, Mehr Hassan, Shafqat Cheema, Irfan Khoosat and Iftikhar Thakur",2010
Haseena 20/20,"Nida Chodhary, Ahmed Butt, Zeeshan Sikander, Asha Alvi, Salman Hashmi, Mah Zeb",2010
Haseeno ka Mela,"Sana Nawaz, Moammar Rana, Meera (actress), Asha, Nadia, Arzoo, Jan Rambo, Mohsin, Babu Baral, Tariq Shah",2010
Wohti Leke Jaani Ay,"Saima Noor, Shaan Shahid, Iftikhar Thakur, Haya Ali, Mustafa Qureshi, Amanat Chan",2010
Taxi 707,"Ahmed Butt, Nida Chaudhury, Amna, Mah Zeb, Hanan, Ali Raza, Salman",2010
Lado Rani,"Nargis (actress), Silla Hussain, Shaan Shahid, Moammar Rana, Rahila, Maria, Abrar, Aliya, Mustafa Qureshi",2010
Phool Aur Kantay,"Sana Nawaz, Ashfaq, Jawad, Nadia, Rahila, Naghma, Mohsin Ali, Tariq Shah",2010
Numberdarni,"Nargis (actress), Shaan Shahid, Meera (actress), Saud (actor), Rashid, Rahila, Saba, Hina Shaheen, Tariq Shah, Shafqat Cheema",2010
Ilyasa Gujjar,"Nargis (actress), Shaan Shahid, Silah Hussain, Haidar Ali, Rahila, Naghma, Khawar",2010
Parai Dhee,"Babar Ali Sandal, Tabinda, Khawaja Saleem, Qaisar Chodhary",2011
Khamosh Raho,"Juggan Kazim, Shaan Shahid, Bahar Begum, Asif Khan, Ghulam Mohiuddin (actor).",2011
Aik Aur Ghazi,"Saima Noor, Shafqat Cheema Heera Malik, Haya Ali, Shehbaz Akmal,",2011
Bol,"Humaima Malick, Atif Aslam, Mahira Khan, Iman Ali, Shafqat Cheema, Manzar Sehbai.",2011
Love Mein Gum,"Moammar Rana, Reema Khan, Nadeem Baig, Javed Sheikh, Afzal Khan (Jaan Rambo), Nabeel Khan, Araida Corbol and Johnny Lever",2011
Bhai Log,"Nadeem Baig, Javed Sheikh, Moammar Rana, Saima Noor, Babar Ali, Meera Rubab, Shamoon Abbasi, Noor Bukhari and Aamir Qureshi",2011
Jugni,"Shaan Shahid, Saima Noor, Moammar Rana and Arif Lohar.",2011
Kafira,"Dua Qureshi, Sajjad Ahmed Warriach, Shahid Hameed, Shafqat Cheema, Akram Udass, Sobia, Shahid, Tariq Shah.",2011
Danay Pay Dana,"Saima Noor, Moammar Rana, Haya Ali, Shahid, Zafri Khan, Haidar Rana.",2011
Thakur 420,"Nargis (actress) Iftikhar Thakur, Moammar Rana, Sonu Lal, Dua Qureshi, Nasir Chinyoti",2011
Son of Pakistan,"Shamil Khan, Babar Ali, Babrik Shah, Meera Rubab, Sana Nawaz, Shafqat Cheema, Ghulam Mohiuddin (actor)",2011
Lahoria,"Zafri Khan, Saima Malik, Nadia Ali, Shabbir Khan, Majeed Zarif",2012
Achha Gujjar,"Saima Noor, Shaan Shahid, Dua Qureshi, Nawaz Khan, Shafqat Cheema",2012
Malang Badshah,"Nargis, Shaan Shahid Shahid Khan, Jahangir Khan, Shafqat Cheema",2012
Inteqam,"Ajab Gul, Asima Lata, Shahid Khan, Dua Qureshi, Jahangir Khan",2012
Shareeka,"Saima, Shaan Shahid, Bahar Begum, Mustafa Qureshi, Irfan Khoosat, Naghma, Afzaal Ahmed",2012
Sher Dil,"Shaan Shahid, Saima Noor, Sila Hussein, Zeeshan Sikandar, Shafqat Cheema",2012
Charsi,"Shahid Khan, Laila, Asima Lata, Babrak Shah, Jahangir Khan",2012
Gol Chakkar,"Ali Rehman Khan, Hasan Bruun Akhtar, Usman Mukhtar, Uzair Jaswal",2012
Bodyguard,"Dua Qureshi, Jahangir Khan, Dilbar Munir, Mohammad Hussain Swati",2013
Inteha,"Arbaz Khan, Sobia Khan, Babrik Shah, Sunbal, Jahangir Jani",2013
Pakhawri Badmash,"Dua Qureshi, Jahangir Khan, Dilbar Munir, Mohammad Hussain Swati",2013
Dil Praey Des Mein,"Arbaz Khan, Sobia Khan, Babrik Shah, Sunbal, Jahangir Jani",2013
Siyaah,"Hareem Farooq, Qazi Jabbar, Mahnor Usman, Aslam Rana",2013
Bhola Ishtehari,"Saima Noor, Shaan, Saima Khan, Shafqat Cheema",2013
Sher Khan,"Shahid Khan, Asima Lata, Jahangir Khan",2013
No Tension,"Khushboo, Nasir Chinyoti, Sardar Kemal",2013
Mast Malang,"Shahid Khan, Sobia Khan, Jahangir Khan, Babrik Shah, Imran Khan, Mohammad Swati",2013
Chamballi,"Mehreen Syed, Saiqa, Ghulam Mohiuddin, Shafqat Cheema, Salman Pirzada",2013
Meri Shadi Kawao,"Inayat Anjam, Sakhawat Naz, Ashraf Rahi",2013
Mena Kawa Kho 302 Ma Kawa,"Shahid Khan, Dua Qureshi, Jahangir Khan, Babrik Shah, Mohammad Hussain Swati",2013
Love Story,"Shahid Khan, Sobia Khan, Dua Qureshi, Jahangir Khan, Shahsawar Khan",2013
Munafiq,"Arbaz Khan, Sobia Khan, Jahangir Khan",2013
Sarkar,"Shahid Khan, Sobia Khan, Jahangir Khan, Sunbal, Babrik Shah, Priya, Mohammad Hussain Swati, Imran Khan",2013
Ishq Khuda,"Shaan, Saima Noor, Meera, Ahsan Khan, Wiam Dahmani, Humaima Malick, Shafqat Cheema",2013
Josh,"Aamina Sheikh, Mohib Mirza, Khalid Malik, Naveen Waqar, Ali Rizvi",2013
Zama Arman,"Arbaaz Khan, Sobia Khan, Jahangir Khan Jani, Mohammad Hussain Sawati",2013
Loafer,"Shahid Khan, Virda Khan, Jiya Butt, Jahangir Khan, Babrik Shah,",2013
Shart,"Arbaz Khan, Sobia Khan, Jahangir Khan and Shah Sawar Khan",2013
Dirty Girl,"Shahid Khan, Haya Ali, Babrik Shah, Nisha Chodhary, Shafqat Cheema",2013
Qurbani,"Arbaz Khan, Nadia Chodhary, Ajab Gul, Asif Khan, Jahangir Khan",2013
Main Hoon Shahid Afridi,"Humayun Saeed, Mahnoor Baloch, Javed Sheikh, Nadeem, Ismail Tara, Hamza Ali Abbasi, Shafqat Cheema, Summer Nicks, Gohar Rasheed Shehzad Sheikh,",2013
Zinda Bhaag,"Amna Ilyas, Naseeruddin Shah, Khurram Patras, Salman Ahmad Khan",2013
Seedlings,"Mohib Mirza, Aamina Sheikh, Gohar Rasheed, Hira Tareen, Tara Mehmood, Mehreen Rafi",2013
Waar,"Shaan Shahid, Meesha Shafi, Ali Azmat, Shamoon Abbasi, Ayesha Khan, Hamza Ali Abbasi, Uzma Khan, Batin Farooqi, Kamran Lashari, Bilal Lashari",2013
LIbaas,"Ahmed Butt, Madhu, Zafri Ahamd, Zarri Khan, Anjuman Shehzadi",2013
Armaan,"Fawad Khan, Aamina Sheikh, Lubna Aslam, Manzoor Qureshi, Mahnoor Khan, Jahanzaib Khan, Vasay Chaudhry",2013
The System,"Sheraz, Kashaf Ali",2014
Tamanna,"Mehreen Raheel, Omair Rana, Salman Shahid, Feryal Gauhar",2014
Sultanat,"Ahsan Khan, Javeria Abbasi, Javed Sheikh",2014
Dukhtar,"Samiya Mumtaz, Mohib Mirza, Saleha Aref, Asif Khan, Ajab Gul, Samina Ahmad",2014
Na Maloom Afraad,"Fahad Mustafa, Javed Sheikh, Mohsin Abbas Haider, Urwa Hocane",2014
O21,"Shaan Shahid, Shamoon Abbasi, Aamina Sheikh, Ayub Khoso",2014
Teacher,"Farooq Zamir, Habib, Dilbar Munir, Isha Chaudhary, Maria Kamal, Mehar Akhtar",2015
3 Bahadur,"Muneeba Yaseen, Hanzala Shahid, Zuhab Khan, Behroze Sabzwari, Alyy Khan, Mustafa Changazi",2015
Maya,"Ahmed Abdul Rehman, Hina Jawad, Zain Afzal, Sheikh Mohammad Ahmed, Anam Malik",2015
Good Morning Karachi,"Amna Ilyas, Beo Raana Zafar, Yasir Aqueel, Saba Hameed, Atta Yaqub, Savera Nadeem, Farhan Ali Agha, Akif Illyas, Khalid Malik, Shaheen Khan, Aamina Sheikh, Nofil Naqvi, Merium Azmi",2015
Beyond the Heights,"Samina Baig, Mirza Ali Baig, Jawad Sharif, Sohail Parwaaz",2015
Devdas,"Nadeem Shah, Zara Sheikh, Meera, Babar Ali, Raheela Agha, Asif Khan, Masood Akhter",2015
Jalaibee,"Danish Taimoor, Ali Safina, Wiqar Ali Khan, Zhalay Sarhadi, Sajid Hasan, Sabeeka Imam, Adnan Jaffar, Uzair Jaswal",2015
Bin Roye,"Mahira Khan, Humayun Saeed, Armeena Rana Khan, Zeba Bakhtiar, Javed Sheikh",2015
Wrong No.,"Danish Taimoor, Sohai Ali Abro, Jawed Sheikh, Shafqat Cheema, Danish Nawaz, Nadeem Jafri",2015
Bazaar,"Arbaaz Khan, Pariya Khan, Sara Khan, Asma Lata",2015
Gunahgar,"Moammar Rana, Saima Khan, Babrak Shah, Sheeza Khan, Shafqat Cheema",2015
Karachi Se Lahore,"Javed Sheikh, Shehzad Sheikh, Ayesha Omer, Yasir Hussain, Aashir Wajahat, Eshita Syed, Ahmed Ali, Rasheed Naz, Mantaha",2015
Shah,"Adnan Sarwar, Kiran Choudhry, Sardar Baloch, Adeel Raees, Gulab Chandio",2015
Dekh Magar Pyaar Say,"Humaima Malick, Sikander Rizvi, Amna Ilyas, Irfan Khoosat",2015
Moor,"Hameed Sheikh, Samiya Mumtaz, Shaz Khan, Abdul Qadir, Soniya Hussain, Ayaz Samoo, Nayyar Ejaz, Eshita Mehboob, Joshinder Chaggar, Omar, Zainullah, Shabbir Rana",2015
Manto,"Sarmad Khoosat, Saba Qamar, Mahira Khan, Imran Abbas, Sania Saeed, Faisal Qureshi, Hina Khawaja Bayat, Nimra Bucha, Savera Nadeem, Adnan Jaffar, Tipu Sharif, Nadia Afghan, Afraz Rasool, Yasra Rizvi, Irfan Khoosat",2015
Kasak,"Saba Mirza, Haider Sultan, Raheela Agha",2015
Swaarangi,"Resham, Ayub Khoso Naveed Akhter, Waseem Manzoor, Zulfiqar Gulshahi, Aftab Nisar",2015
Halla Gulla,"Javed Sheikh, Ismail Tara, Sidra Batool, Ghazala javed, Asim Mehmood, Ashraf khan",2015
Jawani Phir Nahi Ani,"Humayun Saeed, Hamza Ali Abbasi, Ahmed Ali Butt, Vasay Chaudhry, Aisha Khan, Sarwat Gillani, Mehwish Hayat, Sohai Ali Abro, Javed Sheikh, Bushra Ansari, Saba Hameed",2015
Sanam,"Saima Noor, Babar Ali, Reema Khan, Naghma",2015
Ho Mann Jahaan,"Adeel Hussain, Mahira Khan, Sheheryar Munawar, Sonya Jehan, Bushra Ansari, Nimra Bucha, Arshad Mehmood, Munawar Siddiqui, Jamal Shah",2016
Bachaana,"Mohib Mirza, Sanam Saeed, Adeel Hashmi",2016
Maalik,"Ashir Azeem, Farhan Ali Agha, Sajid Hassan, Shakeel Hussain Khan, Hassan Niazi, Adnan Shah Tipu, Mohammed Ehteshamuddin, Rashid Farooqi, Tatmain ul Qalb, Mariam Ansari, Pakiza, Lubna Aslam",2016
Hijrat,"Asad Zaman, Rabia Butt, Noman Ejaz, Nadeem Baig, Salma Agha, Ayub Khoso, Rubab Ali, Wiam Dahmani, Mareeha Safdar, Zaib Rehman, Jamal Shah, Durdana Butt, Sana Nawaz",2016
Mah e Mir,"Fahad Mustafa, Iman Ali, Sanam Saeed, Manzar Sehbai, Alyy Khan",2016
Hotal,"Meera, Anees Raja, Jasmine Sandlas, Nasreen Jaan, Baila Naz, Wiam Dahmani, Tariq Jamal",2016
Aksbandh,"Bilal Yousufzai, Danial Afzal, Saud Imtiaz, Ayaz Samoo, Shehzeen Rahat, Mahrukh Rizvi, Arshad Ali",2016
Sawaal 700 Crore Dollar Ka,"Ghulam Mohiuddin, Javaid Sheikh, Shamoon Abbasi, Ismail Tara, Nayyar Ejaz, Iftikhar Thakur, Ali Mohiuddin, Qurat Ul Ain",2016
Ishq Positive,"Noor Bukhari, Wali Hamid Ali Khan, Saud, Shafqat Cheema, Saim Ali, Ahmed Ali, Faria Bukhari, Durdana Butt, Sonu Sood",2016
Revenge of the Worthless,"Jamal Shah, Ayub Khoso, Firdous Jamal, Shamyl Khan, Maira Khan, Emel Karakose, Asif Shah, Asaldin Khan, Imran Tareen, Iram, Shehrbano, Abdul Rahim, Najeebullah Anjum, Tariq Jamal, Arshad, Sultan, Kaleemullah, Qazi Zubair, Wafa Khan, Rafique, Marjan",2016
Dance Kahani,"Madeleine Hanna, Alamdar Khan, Vernin U'chong",2016
Blind Love,"Yasir Shah, Mathira, Nimra Khan, Aamir Qureshi, Fawad Jalal, Imran Bukhari",2016
A Wedding,"Lina El Arabi, Sebastien Houbani[fr], Babak Karimi, Neena Kulkarni, Olivier Gourmet, Alice de Lencquesaing, Zacharie Chasseriaud[fr], and Aurora Marion",2016
Teri Meri Love Story,"Mohib Mirza, Ushna Shah, Omar Shahzad, Uzma Khan, Mohsin Abbas Haider, Salman Shahid, Laila Zuberi, Ahmed Abdul Rehman, Ahsan Rahim, Jawad Bashir, Faisal Qureshi",2016
Janaan,"Armeena Khan, Bilal Ashraf, Ali Rehman Khan, Ajab Gul, Mishi Khan, Hania Aamir, Usman Mukhtar, Nayyar Ejaz",2016
Actor in Law,"Fahad Mustafa, Mehwish Hayat, Om Puri, Alyy Khan, Saboor Ali, Nayyar Ejaz",2016
Zindagi Kitni Haseen Hay,"Sajal Ali, Feroze Khan, Alyy Khan, Shafqat Cheema, Jibraiyl Ahmed, Nayyar Ejaz, Rashid Farooqui",2016
Abdullah: The Final Witness,"Imran Abbas, Sadia Khan, Hameed Sheikh, Sajid Hassan, Imran Tareen, Saleem Mughal, Zuhab Khan",2016
Jeewan Hathi,"Hina Dilpazeer, Naseeruddin Shah, Samiya Mumtaz, Saife Hassan, Fawad Khan, Adnan Jaffar, Nimra Bucha, Kiran Tabeer, Jahangir Khan, Nazarul Hassan",2016
Lahore Se Aagey,"Yasir Hussain, Saba Qamar, Mubashir Malik, Rubina Ashraf, Behroze Sabzwari, Atiqa Odho, Abdullah Farhatullah, Hasan Rizvi, Omer Sultan, Ashir Wajahat, Ahmed Ali",2016
Rahm,"Sanam Saeed, Rohail Pirzada, Sunil Shankar, Sajid Hasan, Nayyar Ejaz, Seerat Jafri, Khalid Butt",2016
Dobara Phir Se,"Ali Kazmi, Sanam Saeed, Hareem Farooq, Adeel Hussain, Atiqa Odho, Tooba Siddiqui, Shaz Khan",2016
Gardaab,"Amna Ilyas, Fawad Khan (Theatre Actor), Gohar Rasheed, Adnan Shah Tipu, Nimra Bucha, Naseeruddin Shah (Cameo)",2016
8969,"Saba Qamar, Sadaf Hamid, Anam Malik, Hussain Tiwana, Sama Shah, Haseeb Khan, Oun Sarvar, Ali Jabran Khan",2016
Salute (2016 film),"Ali Mohtesham as Aitzaz Hasan, Ajab Gul, Saima Noor, Imran Khan, Adnan Khan, Nayyar Ejaz, Rashid Mehmood, Pervaiz Kaleem, Jalal Haider",2016
Oye Kuch Kar Guzar,"Ali Safina, Uzair Jaswal, Ushna Shah, Mahjabeen Habib",2016
3 Bahadur: The Revenge of Baba Balaam,"Zuhab Khan, Hanzala Shahid, Arisha Razi, Fahad Mustafa, Salman Shahid, Behroze Sabzwari, Sarwat Gilani, Ahmed Ali Butt",2016
Saya e Khuda e Zuljalal,"Javed Sheikh, Firdous Jamal, Moammar Rana, Arbaaz Khan, Sohail Sameer, Rachel Gill, Nimra Khan, Kamran Mujahid, Aamir Qureshi, Rambo, Shafqat Cheema, Asad Malik, Nayyar Ejaz, Iftikhar Thakur, Jia Ali, Noor Bukhari",2016
Thora Jee Le,"Rizwan Ali Jaffri, Bilal Abbas, Ramsha Khan, Salman Faisal, Fatima Jillani, Kasim Khan, Ahsan Mohsin Ikram",2017
Balu Mahi,"Osman Khalid Butt, Ainy Jaffri, Sadaf Kanwal, Javed Sheikh, Shafqat Cheema, Durdana Butt",2017
Whistle,"Sohail Sameer, Farhan Ally Agha, Tatmain Ul Qulb, Imran Ali Mani, Osama Bin Ghaazi, Meerab Awan Meeru, Ihsan Khan, Aamir Kazmi, Daud Khan aurak",2017
Raasta,"Sahir Lodhi, Aijaz Aslam, Abeer Rizvi, Shamoon Abbasi, Mathira, Sana Nawaz, Naveed Raza, Saleem Mairaj, Irfan Motiwala, Saima Azhar",2017
Chalay Thay Saath,"Syra Shehroz, Kent S Leung, Osama Tahir, Zhalay Sarhadi, Behroze Sabzwari, Mansha Pasha, Faris Khalid, Sherbaaz Kaleem",2017
Yalghaar,"Shaan Shahid, Humayun Saeed, Adnan Siddiqui, Armeena Khan, Ayesha Omer, Ayub Khoso, Gohar Rasheed, Hassan Rana
Bilal Ashraf, Sikander Rizvi, Sana Bucha, Uzma Khan, Aleeze Nasser, Umair Jaswal, Ashir Azeem",2017
Mehrunisa V Lub U,"Danish Taimoor, Sana Javed, Jawed Sheikh, Nayyer Ejaz, Qavi Khan",2017
Geo Sar Utha Kay,"Babar Ali, Shafqat Cheema, Nayyar Ejaz, Sheharyar Cheema, Umar Cheema, Naeem Khan, Areeba Khan, Ahmad Cheema, Qaynaat Rana, Rashid Mehmood",2017
Chain Aye Na,"Shehroz Sabzwari, Sarish Khan, Adil Murad, Sobia Khan, Waqar Ali Godhra",2017
Na Maloom Afraad 2,"Urwa Hocane, Fahad Mustafa, Javed Sheikh, Nayyar Ejaz, Saleem Mairaj, Mohsin Abbas Haider, Hania Amir",2017
Punjab Nahi Jaungi,"Humayun Saeed, Mehwish Hayat, Urwa Hocane, Ahmad Ali Butt, Azfar Rehman, Saba Hameed, Waseem Abbas, Sohail Ahmed",2017
Saawan,"Syed Karam Abbas, Najiba Faiz, Saleem Mairaj, Imran Aslam, Tipu Sharif",2017
Verna,"Mahira Khan, Haroon Shahid, Zarrar Khan, Naimal Khawar, Rasheed Naz",2017
Rangreza,"Bilal Ashraf, Urwa Farhan, Gohar Rasheed, Saleem Mairaj, Akbar Subhani, Seemi Pasha",2017
Arth - The Destination,"Shaan Shahid, Humaima Malick, Uzma Hassan, Mohib Mirza",2017
Chupan Chupai,"Ahsan Khan, Neelam Muneer, Adnan Jaffar, Sakina Samo, Rehan Sheikh",2017
Parchi,"Hareem Farooq, Ali Rehman Khan, Shafqat Cheema, Ahmed Ali, Usman Mukhtar, Shafqat Khan, Faiza Saleem",2018
Allahyar & The Legend of Markhor,"Produced by 3rd World Studios :- Characters voiced by: Natasha Humera Ejaz, Ali Noor",2018
Maan Jao Na,"Elnaaz Norouzi, Adeel Chaudhry, Ayaz Samoo, Hajra Yameen, Ghana Ali, Naeem Haq, Asif Raza Mir, Asma Abbas, Nayyer Ejaz",2018
Pari,"Qavi Khan, Rasheed Naz, Saleem Mairaj",2018
Azad,"Sanam Saeed, Rehan Sheikh, Nimra Bucha, Angeline Malik, Zahid Ahmed, Salman Shahid, Sabreen Hisbani, Imran Abbas",2018
Aks,"Roma Khan, Faiza Asif, Arslan Sheraz, Jyoti Doger, Shyraa Roy, Meera, Fahad Rajpoot",2018
Tick Tock,"Ahsan Khan, Alyy Khan, Maria Memon and Ghulam Mohiuddin",2018
Cake,"Aamina Sheikh, Sanam Saeed, Adnan Malik, Faris Khalid, Hira Hussain",2018
Motorcycle Girl,"Sohai Ali Abro, Samina Peerzada",2018
Your Order Has Arrived,"Hassan Islam, Many More",2018
7 Din Mohabbat In,"Mahira Khan, Sheheryar Munawar, Jawed Sheikh, Amna Ilyas, Ayesha Omer, Hina Dilpazeer, Mira Sethi, Imran Aslam, Rimal Ali, Aamir Qureshi.",2018
Azaadi,"Moammar Rana, Sonya Hussain, Nadeem Baig",2018
Na Band Na Baraati,"Mikaal Zulfiqar, Shayan Khan, Qavi Khan, Ali Kazmi and Atiqa Odho",2018
Wajood,"Danish Taimoor, Saeeda Imtiaz",2018
Shor Sharaba,"Adnan Khan, Rabi Peerzada, Meera",2018
Jackpot,"Jawed Sheikh, Noor Hassan Rizvi, Sanam Chaudhry, Sana Fakhar",2018
Teefa in Trouble,"Ali Zafar, Maya Ali",2018
Jawani Phir Nahi Ani 2,"Humayun Saeed, Ahmed Ali Butt, Fahad Mustafa, Mawra Hocane Kubra Khan, Vasay Chaudhry, Uzma Khan, Sarwat Gilani",2018
Load Wedding,"Fahad Mustafa, Mehwish Hayat, Samina Ahmed, Noor Ul Hasan, Faiza Hasan, Qaiser Piya",2018
Parwaaz Hai Junoon,"Hamza Ali Abbasi, Ahad Raza Mir, Hania Amir, Kubra Khan",2018
Indus Blues,"Mai Dhai, Krishan Laal Bheel, Faqir Zulfiqar, Ejaz Sarhadi, Sachu Khan, Zohaib Hassan, Ustad Ziauddin",2018
The Donkey King,"Jan Rambo, Ismail Tara, Hina Dilpazeer, Ghulam Mohiuddin, Jawed Sheikh",2018
72 Ghantay,"Mohsin Mushtaq, Anjum Parvez, Rukhsar Ali, Diya Butt, Honey Albela, Sadaf, Shahzada Baghi, Ibrar Hashmi, Mishi",2018
Altered Skin,"Robin Dunne, Salman Shahid, Nimra Bucha, Khalid Aman, Mansha Pasha, Ali Kazmi and Aamir Qureshi.",2018
Pinky Memsaab,"Hajra Yamin, Kiran Malik, Adnan Jafar, Khalid Ahmed, Hajra Khan and Shameem Hilaly",2018
3 Bahadur: Rise of the Warriors,"Zuhab Khan, Arisha Razi, Bashar Shafi, Mehwish Hayat, Fahad Mustafa, Sarwat Gillani, Nimra Bucha, Behroze Sabzwari",2018
Nagin,"Kiran Malik, Farooq Ali Sheikh, Usman Chaudhary, Maqsood Anwar, Naveed Khan, Asif Shahzad",2018
Gumm: In the Middle of Nowhere,"Sami Khan, Shamoon Abbasi, Shameen Khan, Anjum Habibi, Aleeza Syed",2019
Shanakht,"Masood Akhtar, Waseem Akram, Faiz Chohan, Nayyar Ejaz",2019
Love in America,"John Shike, Nabeel Shike, Naveed Shike, Shauket Ali Khan",2019
Khed Muqadran Di,"Saima Jan, Madhu, Shams Rana, Sultan Bila, Nayab, Arif Gondal, Mithu Baral, Abida Baig",2019
Laal Kabootar,"Ahmed Ali Akbar, Mansha Pasha, Rashid Farooqui, Syed Mohammad Ahmed",2019
Sherdil,"Mikaal Zulfiqar, Armeena Rana Khan, Hassan Niazi, Sabeeka Imam",2019
Project Ghazi,"Humayun Saeed, Sheheryar Munawar, Syra Shehroz, Adnan Jaffar, Talat Hussain",2019
Junoon e Ishq,"Adnan Khan, Maahi Khan, Aamir Qureshi, Wajid Zubairi, Aftab Ahmad",2019
De Te Badmashi Wei,"Arbaz Khan, Jahangir Khan, Ajab Gul, Asif Khan, Afrin, Laila, Tariq Jamal",2019
De Te Loafari Wei,"Shahid Khan, Arbaz Khan, Jahangir Khan, Sahiba Noor, Laiba, Asif Khan, Shenaz",2019
Khandani Gandageer,"Arbaz Khan, Shahid Khan, Jahangir Khan, Sahiba Noor, Jiya Ali, Imran Khatak",2019
Chhalawa,"Azfar Rehman, Mehwish Hayat, Zara Noor Abbas, Asad Siddiqui, Mehmood Aslam",2019
Wrong No. 2,"Sami Khan, Neelam Munir, Sana Fakhar, Jawed Sheikh, Shafqat Cheema
Mahmood Aslam",2019
Sharikay Di Aag,"Moamar Rana, Khushboo, Haidar Sultan, Jahangir Khan, Shahid, Nawaz Khan, Raheela Agha, Achhi Khan",2019
Kataksha,"Saleem Meraj, Kiran Tabeir, Nimra Shahid Kasim Khan, Mubeen Gabool",2019
Baaji,"Osman Khalid Butt, Amna Ilyas, Mohsin Abbas Haider, Ali Kazmi, Meera, Nayyar Ejaz, Aamir Qureshi",2019
Ready Steady No,"Amna Ilyas, Faisal Saif, Zain Afzal, Ahmad Bilal, Ismail Tara, Salman Shahid, Nargis Rasheed",2019
Sirf Tum Hi To Ho,"Danish Taimoor, Qurat ul Ain, Mathira, Saim Ali, Sangeeta",2019
Tevar,"Sukynah Khan, Taqi Ahmed, Mathira,Sharique Mehmood, Akbar Subhani",2019
Heer Maan Ja,"Ali Rehman Khan, Hareem Farooq, Faizan Shaikh, Abid Ali",2019
Parey Hut Love,"Sheheryar Munawar, Maya Ali, Ahmad Ali Butt, Zara Noor Abbas",2019
Superstar,"Bilal Ashraf, Mahira Khan, Nadeem Baig 
Jawed Sheikh",2019
Daal Chaawal,"Shafqat Cheema, Salman Shahid, Momina Iqbal, Ahmed Sufyan",2019
Durj,"Shamoon Abbasi, Sherry Shah, Maira Khan, Nouman Javaid, Dodi Khan, Hafeez Ali",2019
24 Hours,"Muqeet Khan, Fawad Aslam Khan, Asma Nawab, Ali Bhatti, Arshad Khan",2019
Kaaf Kangana,"Sami Khan, Eshal Fayyaz, Ayesha Omer, Fiza Ali, Naseem Vicky",2019
Talash,"Noaman Sami, Faria Hassan, Zeb Ahmad, Saleem Mairaj, Adnan Shah Tipu, Mustafa Qureshi",2019
Betabiyan,"Babar Ali, Hiba Ali, Syed Arez, Jawed Sheikh 
Saima Baloch",2019
Sacch,"Asad Zaman Khan, Humayoun Ashraf, Elysée Sheikh, Jawed Sheikh, Arisha Razi",2019
Bau Jee,"Minhal, Amjad Rana, Zulfi Ali, Shazaib Mirza, Tayyab Ali, Ejaz Baig, Babr Jutt, Lilah Khan",2019
Filmsaaz,"Sultan Ahmed, Lala Anwar, Naseer Rind",2019
Too Much,"Arbaaz Khan, Jahangir Khan, Asif Khan, Diya Butt, Naseem Hassan, Feroza Khan",2020
Balochabad,"Sarfraz Muhammad, Allah bux Aleef, Ahsan Danish, Anita Jaleel",2020
Showgirls of Pakistan,"Afreen Khan, Reema Jaan, Uzma Khan, Saad Khan, Nadia Khan",2020
Record,"Serha Asghar, Inayat Khan, Maharukh Rizvi, Faisal Akhtar Asad Siddiqi",2020
Intezaar,"Raza Ali Abid, Khalid Ahmed, Samina Ahmed, Kaif Ghaznavi, Adnan Jaffar, Sakina Samo",2020
Khauff - The Film,Shamoon Abbasi,2021
Khel Khel Mein,"Sajal Ali, Bilal Abbas Khan, Sheheryar Munawar",2021
Gawah Rehna,"Ghana Ali, Emmad Irfani, Qavi Khan",2021
Future Imperfect,"Aijaz Aslam, Mashal Khan, Khalid Anam",2021
London Nahi Jaunga,"Humayun Saeed, Mehwish Hayat, Sohail Ahmed, Kubra Khan",2022
Quaid-e-Azam Zindabad,"Fahad Mustafa, Javed Sheikh, Mahira Khan",2022
Dum Mastam,"Imran Ashraf, Amar Khan",2022
Parde mein rehne do,"Hania Aamir, Ali Rehman Khan, Jawed Sheikh",2022
The Legend of Maula Jatt,"Fawad Khan, Hamza Ali Abbasi, Mahira Khan, Humaima Malick",2022
Kamli,"Saba Qamar, Sania Saeed",2022
Ghabrana Nahi Hai,"Saba Qamar, Zahid Ahmed, Nayyar Ejaz",2022
Neelofar,"Fawad Khan, Mahira Khan, Madiha Imam, Faisal Quershi, Samiya Mumtaz, Gohar Rasheed, Rashid Farooqi",2022
Lafangey,"Sami Khan, Saleem Meraj, Mani",2022
Carma - The Movie,"Adnan Siddiqui, Osama Tahir, Zhalay Sarhadi, Naveen Waqar",2022
Tich Button,"Farhan Saeed, Iman Ali, Sonya Hussyn, Feroze Khan",2022
Chakkar,"Ahsan Khan, Yasir Nawaz, Jawed Sheikh, Neelam Muneer",2022
Our sed lyfe,"Hania Kashif, Reyyan Ahmed",
